policy_country,flow_citations,flow_share,base_citations,base_share,inflation_ratio
UK,73667,0.3279087675879229,7394,0.07583434185965417,9.963078171490398
IGO,36630,0.16304855846913294,19327,0.19822157494205248,1.8952760387023335
USA,36362,0.1618556288030197,26925,0.27614818157576254,1.3504921077065923
Germany,15558,0.06925223785593149,5672,0.058173165678652744,2.7429478138222847
EU,7456,0.033188371606493454,6498,0.06664478677360465,1.1474299784549091
Sweden,5839,0.025990732538937137,4829,0.04952718918586285,1.2091530337544005
Canada,5317,0.0236671904280748,3696,0.03790691472995426,1.438582251082251
France,3781,0.01683010099841091,2048,0.02100469733954175,1.84619140625
Spain,3587,0.01596656235950805,2854,0.029271194437037188,1.2568325157673441
Australia,2663,0.011853625749475868,1741,0.017856043978585055,1.5295807007466973
Netherlands,2577,0.01147081996109625,1080,0.01107669586264897,2.386111111111111
USA > Washington,2047,0.009111668009454413,0,0.0,
Indonesia,1897,0.008443983494838799,1736,0.01780476297922094,1.092741935483871
Belgium,1690,0.007522578864669251,933,0.009569034481343972,1.8113612004287245
Brazil,1460,0.006498795942258643,1001,0.010266456072695945,1.4585414585414584
Japan,1349,0.006004709401443088,1039,0.010656191667863224,1.2983638113570741
USA > California,1276,0.0056797696043301565,0,0.0,
South Korea,1264,0.0056263548431609075,1160,0.011897191852474821,1.089655172413793
Switzerland,1195,0.005319219966437725,925,0.009486984882361387,1.2918918918918918
Spain > Catalunya,1158,0.00515452445283254,0,0.0,
Finland,974,0.004335498114904053,792,0.008122910299275912,1.22979797979798
Portugal,918,0.0040862292294475576,666,0.006830629115300199,1.3783783783783783
Ireland,872,0.003881472644965436,538,0.0055178355315788396,1.620817843866171
Norway,726,0.003231593050739572,581,0.005958852126110234,1.2495697074010328
Turkey,696,0.0030980561478164493,596,0.00611269512420258,1.167785234899329
Denmark,678,0.0030179340060625752,255,0.002615330967569896,2.6588235294117646
New Zealand,631,0.002808726191483016,456,0.004676827142007343,1.3837719298245614
Italy,514,0.0022879322700828375,365,0.0037435129535804395,1.4082191780821918
Malaysia,499,0.002221163818621276,351,0.003599926155360916,1.4216524216524216
Spain > Valencia,439,0.0019540900127750305,0,0.0,
Canada > Ontario,435,0.0019362850923852807,0,0.0,
Canada > Québec,390,0.0017359797380005965,0,0.0,
Singapore,389,0.001731528507903159,334,0.0034255707575229226,1.1646706586826348
UK > Scotland,342,0.0015223206933235999,0,0.0,
South Africa,304,0.0013531739496209778,255,0.002615330967569896,1.192156862745098
Mexico,300,0.001335369029231228,90,0.000923057988554081,3.3333333333333335
USA > New York,287,0.0012775030379645416,0,0.0,
USA > Texas,262,0.001166222285528606,0,0.0,
Australia > New South Wales,253,0.001126161214651669,0,0.0,
Spain > Euskadi,239,0.001063843993287545,0,0.0,
Taiwan,235,0.0010460390728977953,219,0.0022461077721482635,1.0730593607305936
Colombia,234,0.0010415878428003578,182,0.001866628376853808,1.2857142857142858
India,211,0.000939209550559297,189,0.00193842177596357,1.1164021164021165
Australia > Western Australia,205,0.0009125021699746725,0,0.0,
USA > Colorado,177,0.0007878677272464246,0,0.0,
Spain > Madrid,173,0.0007700628068566749,0,0.0,
Austria,172,0.0007656115767592374,166,0.0017025291788886382,1.036144578313253
Philippines,171,0.0007611603466617999,154,0.0015794547804147607,1.1103896103896105
Spain > Asturias,170,0.0007567091165643626,0,0.0,
Argentina,164,0.000730001735979738,139,0.001425611782322414,1.1798561151079137
USA > Minnesota,163,0.0007255505058823006,0,0.0,
Spain > Murcia,152,0.0006765869748104889,0,0.0,
Chile,145,0.0006454283641284269,132,0.001353818383212652,1.0984848484848484
Peru,143,0.000636525903933552,139,0.001425611782322414,1.0287769784172662
Thailand,136,0.00060536729325149,113,0.0011589505856290127,1.2035398230088497
USA > Virginia,136,0.00060536729325149,0,0.0,
USA > Michigan,134,0.0005964648330566152,0,0.0,
Uruguay,130,0.0005786599126668655,110,0.0011281819860105434,1.1818181818181819
Serbia,128,0.0005697574524719906,90,0.000923057988554081,1.4222222222222223
Australia > Queensland,126,0.0005608549922771158,0,0.0,
UK > Wales,125,0.0005564037621796783,0,0.0,
Spain > Galicia,124,0.0005519525320822409,0,0.0,
Egypt,120,0.0005341476116924913,118,0.0012102315849931284,1.0169491525423728
USA > Hawaii,119,0.0005296963815950538,0,0.0,
USA > Maryland,115,0.0005118914612053041,0,0.0,
USA > Florida,112,0.0004985377709129918,0,0.0,
USA > North Carolina,105,0.00046737916023092984,0,0.0,
China,103,0.000458476700036055,90,0.000923057988554081,1.1444444444444444
Latvia,100,0.00044512300974374266,77,0.0007897273902073803,1.2987012987012987
Russia,97,0.0004317693194514304,64,0.0006563967918606797,1.515625
Estonia,92,0.0004095131689642433,75,0.0007692149904617342,1.2266666666666666
Israel,92,0.0004095131689642433,31,0.0003179421960575168,2.967741935483871
Spain > Andalucia,90,0.0004006107087693684,0,0.0,
USA > New Jersey,87,0.00038725701847705616,0,0.0,
Canada > Alberta,86,0.0003828057883796187,0,0.0,
Uganda,85,0.0003783545582821813,72,0.0007384463908432648,1.1805555555555556
USA > Alaska,84,0.00037390332818474384,0,0.0,
Slovakia,82,0.000365000867989869,59,0.0006051157924965642,1.3898305084745763
Australia > South Australia,82,0.000365000867989869,0,0.0,
China > Hong Kong,79,0.0003516471776975567,0,0.0,
Spain > Canarias,75,0.000333842257307807,0,0.0,
Iran,75,0.000333842257307807,73,0.0007487025907160879,1.0273972602739727
Slovenia,75,0.000333842257307807,66,0.000676909191606326,1.1363636363636365
Venezuela,74,0.0003293910272103696,58,0.0005948595926237411,1.2758620689655173
Kenya,70,0.0003115861068206199,62,0.0006358843921150336,1.1290322580645162
UK > England,67,0.0002982324165283076,0,0.0,
USA > Massachusetts,66,0.00029378118643087016,0,0.0,
Poland,63,0.0002804274961385579,57,0.0005846033927509179,1.105263157894737
Spain > Navarra,63,0.0002804274961385579,0,0.0,
Belgium > Flanders,62,0.00027597626604112044,0,0.0,
USA > Idaho,59,0.0002626225757488082,0,0.0,
Dominican Republic,58,0.00025817134565137077,20,0.00020512399745646243,2.9
USA > Tennessee,57,0.0002537201155539333,0,0.0,
Canada > British Columbia,56,0.0002492688854564959,0,0.0,
Georgia,51,0.00022701273496930876,36,0.0003692231954216324,1.4166666666666667
USA > Pennsylvania,48,0.0002136590446769965,0,0.0,
Ethiopia,47,0.00020920781457955907,42,0.0004307603946585711,1.119047619047619
USA > Illinois,44,0.00019585412428724678,0,0.0,
USA > Missouri,43,0.00019140289418980935,0,0.0,
Sri Lanka,42,0.00018695166409237192,40,0.00041024799491292486,1.05
Nepal,39,0.00017359797380005966,38,0.00038973559516727863,1.0263157894736843
Moldova,38,0.00016914674370262223,34,0.00034871079567598616,1.1176470588235294
UK > Northern Ireland,38,0.00016914674370262223,0,0.0,
USA > Wisconsin,37,0.0001646955136051848,0,0.0,
Czech Republic,35,0.00015579305341030994,32,0.00032819839593033987,1.09375
Germany > Saarland,35,0.00015579305341030994,0,0.0,
Saudi Arabia,34,0.0001513418233128725,23,0.00023589259707493178,1.4782608695652173
Romania,32,0.00014243936311799765,31,0.0003179421960575168,1.032258064516129
Costa Rica,32,0.00014243936311799765,31,0.0003179421960575168,1.032258064516129
USA > Indiana,31,0.00013798813302056022,0,0.0,
Maldives,29,0.00012908567282568539,29,0.00029742979631187054,1.0
Canada > Nova Scotia,26,0.0001157319825333731,0,0.0,
Australia > Tasmania,26,0.0001157319825333731,0,0.0,
Paraguay,26,0.0001157319825333731,18,0.0001846115977108162,1.4444444444444444
Iceland,24,0.00010682952233849825,20,0.00020512399745646243,1.2
Spain > Castilla-La Mancha,22,9.792706214362339e-05,0,0.0,
Tanzania,22,9.792706214362339e-05,14,0.0001435867982195237,1.5714285714285714
Qatar,22,9.792706214362339e-05,13,0.00013333059834670058,1.6923076923076923
El Salvador,20,8.902460194874853e-05,16,0.00016409919796516993,1.25
Ukraine,20,8.902460194874853e-05,16,0.00016409919796516993,1.25
USA > Georgia,19,8.457337185131111e-05,0,0.0,
Hungary,18,8.012214175387368e-05,12,0.00012307439847387746,1.5
Ecuador,17,7.567091165643625e-05,18,0.0001846115977108162,0.9444444444444444
Spain > Aragon,17,7.567091165643625e-05,0,0.0,
Cambodia,17,7.567091165643625e-05,15,0.00015384299809234682,1.1333333333333333
Pakistan,16,7.121968155899882e-05,16,0.00016409919796516993,1.0
Australia > Victoria,16,7.121968155899882e-05,0,0.0,
Canada > Newfoundland and Labrador,16,7.121968155899882e-05,0,0.0,
Nigeria,16,7.121968155899882e-05,13,0.00013333059834670058,1.2307692307692308
Lithuania,15,6.676845146156141e-05,10,0.00010256199872823122,1.5
Bulgaria,15,6.676845146156141e-05,8,8.204959898258497e-05,1.875
Kosovo,15,6.676845146156141e-05,9,9.23057988554081e-05,1.6666666666666667
Cyprus,15,6.676845146156141e-05,16,0.00016409919796516993,0.9375
Rwanda,14,6.231722136412398e-05,12,0.00012307439847387746,1.1666666666666667
Spain > Aragón,14,6.231722136412398e-05,0,0.0,
USA > Louisiana,13,5.786599126668655e-05,0,0.0,
Vietnam,13,5.786599126668655e-05,13,0.00013333059834670058,1.0
Brunei,12,5.3414761169249125e-05,8,8.204959898258497e-05,1.5
North Macedonia,12,5.3414761169249125e-05,12,0.00012307439847387746,1.0
Bhutan,12,5.3414761169249125e-05,10,0.00010256199872823122,1.2
Germany > Niedersachsen,11,4.8963531071811695e-05,0,0.0,
Bosnia and Herzegovina,11,4.8963531071811695e-05,5,5.128099936411561e-05,2.2
Mauritius,11,4.8963531071811695e-05,10,0.00010256199872823122,1.1
Luxembourg,11,4.8963531071811695e-05,8,8.204959898258497e-05,1.375
USA > South Carolina,11,4.8963531071811695e-05,0,0.0,
Lebanon,11,4.8963531071811695e-05,9,9.23057988554081e-05,1.2222222222222223
Panama,10,4.4512300974374265e-05,8,8.204959898258497e-05,1.25
Canada > Manitoba,10,4.4512300974374265e-05,0,0.0,
Bangladesh,10,4.4512300974374265e-05,9,9.23057988554081e-05,1.1111111111111112
USA > Arizona,10,4.4512300974374265e-05,0,0.0,
Jamaica,9,4.006107087693684e-05,8,8.204959898258497e-05,1.125
South Africa > Western Cape,9,4.006107087693684e-05,0,0.0,
Morocco,9,4.006107087693684e-05,8,8.204959898258497e-05,1.125
Greece,8,3.560984077949941e-05,7,7.179339910976185e-05,1.1428571428571428
Barbados,8,3.560984077949941e-05,8,8.204959898258497e-05,1.0
South Africa > KwaZulu-Natal,8,3.560984077949941e-05,0,0.0,
Guatemala,7,3.115861068206199e-05,6,6.153719923693873e-05,1.1666666666666667
Cameroon,7,3.115861068206199e-05,7,7.179339910976185e-05,1.0
Laos,7,3.115861068206199e-05,7,7.179339910976185e-05,1.0
Papua New Guinea,7,3.115861068206199e-05,9,9.23057988554081e-05,0.7777777777777778
USA > Oregon,6,2.6707380584624562e-05,0,0.0,
Eswatini,6,2.6707380584624562e-05,6,6.153719923693873e-05,1.0
Germany > Bayern,6,2.6707380584624562e-05,0,0.0,
Armenia,6,2.6707380584624562e-05,6,6.153719923693873e-05,1.0
Spain > Castilla y León,5,2.2256150487187133e-05,0,0.0,
USA > Alabama,5,2.2256150487187133e-05,0,0.0,
Germany > Nordrhein-Westfalen,5,2.2256150487187133e-05,0,0.0,
Germany > Saxony-Anhalt,5,2.2256150487187133e-05,0,0.0,
Germany > Schleswig-Holstein,5,2.2256150487187133e-05,0,0.0,
Ghana,5,2.2256150487187133e-05,4,4.1024799491292484e-05,1.25
Bahrain,5,2.2256150487187133e-05,3,3.0768599618469366e-05,1.6666666666666667
Trinidad and Tobago,4,1.7804920389749706e-05,5,5.128099936411561e-05,0.8
USA > District of Columbia,4,1.7804920389749706e-05,0,0.0,
USA > New Mexico,4,1.7804920389749706e-05,0,0.0,
Oman,4,1.7804920389749706e-05,7,7.179339910976185e-05,0.5714285714285714
South Africa > Limpopo,4,1.7804920389749706e-05,0,0.0,
Senegal,4,1.7804920389749706e-05,4,4.1024799491292484e-05,1.0
Belgium > Wallonia,4,1.7804920389749706e-05,0,0.0,
Bolivia,4,1.7804920389749706e-05,4,4.1024799491292484e-05,1.0
Iraq,4,1.7804920389749706e-05,5,5.128099936411561e-05,0.8
Croatia,4,1.7804920389749706e-05,4,4.1024799491292484e-05,1.0
Afghanistan,4,1.7804920389749706e-05,3,3.0768599618469366e-05,1.3333333333333333
Mongolia,4,1.7804920389749706e-05,4,4.1024799491292484e-05,1.0
Belize,3,1.3353690292312281e-05,3,3.0768599618469366e-05,1.0
Albania,3,1.3353690292312281e-05,7,7.179339910976185e-05,0.42857142857142855
Andorra,3,1.3353690292312281e-05,2,2.0512399745646242e-05,1.5
Sierra Leone,3,1.3353690292312281e-05,2,2.0512399745646242e-05,1.5
Botswana,3,1.3353690292312281e-05,2,2.0512399745646242e-05,1.5
Canada > Northwest Territories,3,1.3353690292312281e-05,0,0.0,
Germany > Baden-Wüerttemberg,3,1.3353690292312281e-05,0,0.0,
Vanuatu,3,1.3353690292312281e-05,3,3.0768599618469366e-05,1.0
USA > Ohio,3,1.3353690292312281e-05,0,0.0,
South Africa > Eastern Cape,3,1.3353690292312281e-05,0,0.0,
South Africa > Free State,3,1.3353690292312281e-05,0,0.0,
Kuwait,3,1.3353690292312281e-05,3,3.0768599618469366e-05,1.0
Kyrgyzstan,2,8.902460194874853e-06,1,1.0256199872823121e-05,2.0
Tunisia,2,8.902460194874853e-06,2,2.0512399745646242e-05,1.0
United Arab Emirates,2,8.902460194874853e-06,3,3.0768599618469366e-05,0.6666666666666666
Germany > Brandenburg,2,8.902460194874853e-06,0,0.0,
Canada > Yukon,2,8.902460194874853e-06,0,0.0,
Germany > Bremen,2,8.902460194874853e-06,0,0.0,
Germany > Hamburg,2,8.902460194874853e-06,0,0.0,
Benin,2,8.902460194874853e-06,2,2.0512399745646242e-05,1.0
San Marino,2,8.902460194874853e-06,1,1.0256199872823121e-05,2.0
Uzbekistan,2,8.902460194874853e-06,1,1.0256199872823121e-05,2.0
Germany > Mecklenburg-Vorpommern,2,8.902460194874853e-06,0,0.0,
UK > Manchester,2,8.902460194874853e-06,0,0.0,
Jordan,1,4.4512300974374265e-06,1,1.0256199872823121e-05,1.0
Germany > Hessen,1,4.4512300974374265e-06,0,0.0,
Gambia,1,4.4512300974374265e-06,1,1.0256199872823121e-05,1.0
Democratic Republic Of The Congo,1,4.4512300974374265e-06,0,0.0,
Cuba,1,4.4512300974374265e-06,1,1.0256199872823121e-05,1.0
Belgium > Brussels-Capital,1,4.4512300974374265e-06,0,0.0,
Germany > Thüringen,1,4.4512300974374265e-06,0,0.0,
Spain > Extremadura,1,4.4512300974374265e-06,0,0.0,
Samoa,1,4.4512300974374265e-06,1,1.0256199872823121e-05,1.0
Saint Kitts and Nevis,1,4.4512300974374265e-06,1,1.0256199872823121e-05,1.0
Malta,1,4.4512300974374265e-06,1,1.0256199872823121e-05,1.0
UK > London,1,4.4512300974374265e-06,0,0.0,
Syria,1,4.4512300974374265e-06,1,1.0256199872823121e-05,1.0
Suriname,1,4.4512300974374265e-06,1,1.0256199872823121e-05,1.0
USA > Oklahoma,1,4.4512300974374265e-06,0,0.0,
