year,source_type_primary,policy_docs,citations,citations_per_doc_mean,citations_per_doc_median,citations_per_doc_p95
1990,government,292,2729.0,9.345890410958905,4.0,36.0
1990,igo,1010,10224.0,10.122772277227723,4.0,29.0
1990,other,12,97.0,8.083333333333334,6.0,22.19999999999999
1990,think tank,145,1556.0,10.73103448275862,4.0,47.39999999999995
1991,government,264,3472.0,13.151515151515152,4.0,54.39999999999998
1991,igo,947,11200.0,11.826821541710665,5.0,44.0
1991,other,30,256.0,8.533333333333333,5.0,24.549999999999997
1991,think tank,170,1338.0,7.870588235294117,4.0,30.099999999999966
1992,government,229,2510.0,10.960698689956331,5.0,32.0
1992,igo,1089,10634.0,9.76492194674013,4.0,30.0
1992,other,43,405.0,9.418604651162791,6.0,26.699999999999996
1992,think tank,187,1748.0,9.3475935828877,4.0,37.39999999999998
1993,government,319,4860.0,15.235109717868339,4.0,55.599999999999795
1993,igo,933,6639.0,7.115755627009646,2.0,30.0
1993,other,74,486.0,6.5675675675675675,4.0,23.349999999999994
1993,think tank,217,1952.0,8.995391705069125,3.0,33.99999999999994
1994,government,354,4443.0,12.55084745762712,3.5,38.69999999999993
1994,igo,1368,9266.0,6.773391812865497,2.0,22.0
1994,other,42,412.0,9.80952380952381,7.5,24.849999999999987
1994,think tank,249,2453.0,9.85140562248996,4.0,35.19999999999996
1995,government,373,4451.0,11.932975871313673,3.0,37.39999999999998
1995,igo,1626,18069.0,11.112546125461254,2.0,50.0
1995,other,65,591.0,9.092307692307692,5.0,22.799999999999997
1995,think tank,305,3455.0,11.327868852459016,5.0,34.60000000000002
1996,government,546,6973.0,12.771062271062272,4.0,46.5
1996,igo,1276,14117.0,11.06347962382445,2.0,28.0
1996,other,70,754.0,10.771428571428572,5.0,48.0
1996,think tank,403,4122.0,10.228287841191067,5.0,40.89999999999998
1997,government,723,9576.0,13.244813278008298,4.0,53.399999999999864
1997,igo,1352,10500.0,7.766272189349112,2.0,30.0
1997,other,82,1176.0,14.341463414634147,7.0,42.95
1997,think tank,447,5020.0,11.230425055928412,5.0,42.69999999999999
1998,government,1129,19515.0,17.28520814880425,3.0,81.0
1998,igo,1957,17374.0,8.877874297393971,2.0,34.0
1998,other,117,2067.0,17.666666666666668,11.0,50.19999999999999
1998,think tank,844,8037.0,9.522511848341232,5.0,26.0
1999,government,1727,24247.0,14.039953676896353,4.0,57.099999999999454
1999,igo,2121,21175.0,9.983498349834983,3.0,38.0
1999,other,138,2946.0,21.347826086956523,9.0,68.40000000000009
1999,think tank,1393,16597.0,11.914572864321608,7.0,35.0
2000,government,3003,42157.0,14.038295038295038,4.0,54.90000000000009
2000,igo,2604,31834.0,12.225038402457757,3.0,41.0
2000,other,185,3965.0,21.43243243243243,13.0,63.19999999999993
2000,think tank,1774,21242.0,11.974069898534385,7.0,37.34999999999991
2001,government,4178,79726.0,19.082336045955003,4.0,77.0
2001,igo,3216,54981.0,17.09608208955224,5.0,48.0
2001,other,231,4784.0,20.70995670995671,10.0,65.5
2001,think tank,2284,28271.0,12.37784588441331,7.0,36.0
2002,government,5624,83629.0,14.8700213371266,4.0,54.0
2002,igo,3210,42275.0,13.169781931464174,4.0,45.0
2002,other,257,6287.0,24.46303501945525,15.0,82.19999999999999
2002,think tank,2909,38343.0,13.180818150567205,8.0,39.0
2003,government,6535,85496.0,13.082785003825554,4.0,46.29999999999927
2003,igo,4138,60762.0,14.68390526824553,5.0,50.0
2003,other,459,9826.0,21.40740740740741,11.0,71.09999999999997
2003,think tank,3605,46634.0,12.935922330097087,8.0,36.0
2004,government,7381,108500.0,14.699905161902182,4.0,52.0
2004,igo,4504,72268.0,16.045293072824155,5.0,57.0
2004,other,396,8347.0,21.078282828282827,12.0,69.5
2004,think tank,4290,58845.0,13.716783216783217,8.0,43.0
2005,government,9056,130215.0,14.378864840989399,4.0,47.0
2005,igo,5018,74260.0,14.798724591470705,6.0,53.0
2005,other,473,11039.0,23.338266384778013,12.0,90.39999999999998
2005,think tank,4663,62730.0,13.45271284580742,8.0,39.0
2006,government,11505,157242.0,13.667275097783572,4.0,48.0
2006,igo,5214,88416.0,16.957422324510933,6.0,58.0
2006,other,602,17057.0,28.333887043189367,15.0,95.0
2006,think tank,5443,74961.0,13.772000734888849,8.0,41.0
2007,government,12401,186283.0,15.021611160390291,4.0,55.0
2007,igo,5660,108557.0,19.179681978798587,6.0,67.0
2007,other,641,19545.0,30.49141965678627,15.0,94.0
2007,think tank,8785,116227.0,13.230165054069436,6.0,42.0
2008,government,14162,212765.0,15.023654851009745,5.0,56.0
2008,igo,5474,120338.0,21.983558640847644,7.0,80.0
2008,other,592,15759.0,26.61993243243243,16.0,91.0
2008,think tank,7211,101785.0,14.115240604631813,8.0,44.5
2009,government,17192,249877.0,14.53449278734295,4.0,52.0
2009,igo,6180,118155.0,19.118932038834952,6.0,73.0
2009,other,731,23734.0,32.467852257181946,19.0,106.0
2009,think tank,8886,126460.0,14.231375196939005,7.0,45.0
2010,government,19184,304779.0,15.88714553794829,5.0,61.0
2010,igo,6841,131018.0,19.15187838035375,6.0,69.0
2010,other,726,24884.0,34.27548209366391,20.0,107.75
2010,think tank,8942,128330.0,14.351375531201073,7.0,46.0
2011,government,22828,349057.0,15.290739442789556,4.0,59.0
2011,igo,7075,147852.0,20.89780918727915,7.0,76.0
2011,other,786,29753.0,37.853689567430024,22.0,132.5
2011,think tank,10095,152460.0,15.102526002971768,7.0,47.0
2012,government,25038,445358.0,17.787283329339402,5.0,71.0
2012,igo,17551,440357.0,25.090137314113157,10.0,90.0
2012,other,1051,47567.0,45.258801141769744,26.0,148.5
2012,think tank,11100,162223.0,14.614684684684685,7.0,47.0
2013,government,29048,482971.0,16.626652437345083,5.0,62.0
2013,igo,12113,267922.0,22.118550317840338,8.0,80.0
2013,other,1543,63714.0,41.292287751134154,25.0,133.0
2013,think tank,13305,203790.0,15.316798196166854,6.0,51.0
2014,government,32805,557378.0,16.99064167047706,4.0,62.0
2014,igo,14748,322159.0,21.844250067805802,8.0,72.0
2014,other,2209,95999.0,43.458125848800364,29.0,132.0
2014,think tank,14938,248800.0,16.655509439014594,7.0,56.0
2015,government,36843,576534.0,15.648399967429363,4.0,60.0
2015,igo,12725,270948.0,21.292573673870333,6.0,78.0
2015,other,2578,102074.0,39.59425911559348,24.0,130.0
2015,think tank,16168,246075.0,15.21987877288471,6.0,52.0
2016,government,42294,673279.0,15.91901924622878,4.0,59.0
2016,igo,14521,351681.0,24.218786584945942,6.0,89.0
2016,other,2803,114016.0,40.67641812343917,24.0,127.90000000000009
2016,think tank,17701,255210.0,14.417829501158126,5.0,50.0
2017,government,47670,755195.0,15.842143906020558,4.0,56.0
2017,igo,13611,297892.0,21.886121519359342,7.0,79.5
2017,other,2525,121121.0,47.96871287128713,28.0,157.0
2017,think tank,19039,262188.0,13.771101423394086,5.0,50.0
2018,government,50555,781888.0,15.466086440510335,3.0,56.0
2018,igo,18427,386887.0,20.995658544527053,7.0,67.0
2018,other,3127,136328.0,43.59705788295491,19.0,164.69999999999982
2018,think tank,18958,260582.0,13.745226289693006,4.0,51.0
2019,government,53616,825264.0,15.39212175470009,3.0,58.0
2019,igo,14994,449674.0,29.990262771775377,9.0,112.0
2019,other,2766,129985.0,46.993853940708604,22.0,162.0
2019,think tank,20348,278198.0,13.672007076862592,4.0,50.0
2020,government,56094,878961.0,15.669429885549256,4.0,58.0
2020,igo,14777,325031.0,21.995736617716723,7.0,85.19999999999891
2020,other,3021,131127.0,43.405163853028796,22.0,154.0
2020,think tank,22883,319362.0,13.956299436262729,5.0,53.0
2021,government,59004,924862.0,15.674564436309403,4.0,60.0
2021,igo,16103,420123.0,26.089734832018877,8.0,97.0
2021,other,1993,112121.0,56.25740090316106,30.0,175.0
2021,think tank,24776,397145.0,16.029423635776556,5.0,60.0
2022,government,55109,906871.0,16.45595093360431,4.0,62.0
2022,igo,15185,407111.0,26.810075732630885,8.0,102.0
2022,other,1455,72075.0,49.5360824742268,21.0,189.29999999999995
2022,think tank,21312,371960.0,17.45307807807808,6.0,61.0
2023,government,48694,773298.0,15.880765597404197,3.0,63.0
2023,igo,13025,325892.0,25.0204990403071,8.0,100.0
2023,other,1505,88827.0,59.02126245847176,26.0,205.79999999999995
2023,think tank,18536,317811.0,17.145608545533015,6.0,62.0
2024,government,34430,496557.0,14.422218995062446,3.0,57.0
2024,igo,9711,259114.0,26.682524971681598,9.0,104.0
2024,other,862,46430.0,53.8631090487239,30.0,163.6999999999996
2024,think tank,13234,221228.0,16.716638960253892,5.0,62.0
2025,government,1487,29656.0,19.94351042367182,3.0,62.0
2025,igo,517,9948.0,19.241779497098648,8.0,68.0
2025,other,2,44.0,22.0,22.0,40.9
2025,think tank,846,11401.0,13.476359338061465,4.0,54.5
