policy_country,total_citations,known_citations
USA,8173059,6584116
IGO,6199886,4428560
UK,1987479,1658779
Germany,1837353,1512542
EU,1523671,1165608
Canada,1453861,1137163
Australia,1184186,956491
France,944270,766513
Spain,903247,769094
Sweden,631026,525186
Switzerland,512586,433055
Netherlands,498998,410230
Finland,486770,398588
Brazil,450609,367685
Norway,442448,364772
South Korea,418179,308870
Poland,365483,336310
Italy,342273,284645
Belgium,312506,251718
Japan,297452,258615
Ireland,279957,234289
New Zealand,249699,210782
Denmark,189331,156967
Austria,171603,127513
Portugal,140622,118931
South Africa,123945,104388
Turkey,109799,86553
Colombia,95823,72969
Chile,90974,73127
Philippines,87553,71416
Peru,79063,59872
Estonia,77648,61882
India,62152,50036
Malaysia,57094,50856
Mexico,56322,40673
Latvia,53753,42045
Argentina,50765,39288
Kenya,49755,39899
Singapore,47943,36035
Indonesia,45426,35523
Uganda,42195,35272
Uruguay,37899,30206
Egypt,34812,25932
Venezuela,34615,24516
Bulgaria,32729,27546
Paraguay,28372,24146
Luxembourg,26427,18826
Slovenia,26118,21140
Taiwan,24396,20580
Serbia,22879,19369
Sri Lanka,22217,14425
China,22188,17411
Slovakia,21717,17748
Croatia,18786,15102
Czech Republic,18285,13345
Thailand,18042,15061
Nigeria,15396,11872
Nepal,15192,12010
Israel,13972,11108
Romania,13647,10183
Russia,13647,10799
Greece,13502,10080
Moldova,13021,9209
North Macedonia,12893,11170
Tanzania,12673,10419
Rwanda,12543,9947
Qatar,12398,10518
Iceland,11216,9043
Ethiopia,10642,8517
Ghana,10566,7734
Saudi Arabia,8727,7699
Botswana,8683,6394
Hungary,8437,6479
Costa Rica,8052,6562
Iran,7849,6710
Georgia,7788,6648
Pakistan,7537,5375
Cyprus,7345,6103
Cambodia,7241,5541
El Salvador,6709,5643
Bolivia,6020,4589
Kuwait,5516,4497
Mauritius,5515,4667
Ecuador,5511,4554
Dominican Republic,5206,3505
Lithuania,5173,3374
Lebanon,5135,4338
Namibia,5086,3798
Kosovo,4207,3205
Senegal,4143,2961
Trinidad and Tobago,4024,2879
Ukraine,3931,2688
United Arab Emirates,3802,2766
Brunei,3756,3319
Jamaica,3707,2691
Morocco,3609,2036
Maldives,3578,3061
Panama,3379,2687
Guatemala,3231,2205
Nicaragua,3178,2712
Bhutan,3101,2412
Oman,3101,2554
Myanmar,3025,2289
Papua New Guinea,2897,2108
Barbados,2887,1958
Mozambique,2838,2031
Afghanistan,2770,1928
Bosnia and Herzegovina,2652,1741
Belize,2618,1768
Jordan,2426,2013
Fiji,2078,1681
Iraq,1935,1657
Eswatini,1910,1631
Liberia,1867,1544
Bangladesh,1857,1310
Ivory Coast,1677,1190
Guyana,1640,1192
Montenegro,1494,1193
Cameroon,1466,1183
Mongolia,1457,947
Albania,1429,1028
Cuba,1364,924
Kyrgyzstan,1259,1037
Bahamas,1256,869
Vietnam,1148,798
Kazakhstan,1127,671
Somalia,980,634
Malta,970,707
Cape Verde,952,725
Azerbaijan,947,526
Zambia,910,685
Saint Kitts and Nevis,895,582
Laos,891,734
Benin,879,683
Armenia,835,622
Kiribati,807,676
Tunisia,771,495
Zimbabwe,754,497
Sierra Leone,691,459
Timor Leste,654,298
Seychelles,654,524
Haiti,632,523
Malawi,598,473
Andorra,593,423
Tajikistan,562,425
Honduras,534,388
Guinea,520,427
Algeria,457,279
Belarus,437,325
Bahrain,424,314
Palestine,416,197
Democratic Republic Of The Congo,384,297
Samoa,381,300
Sudan,354,260
Vanuatu,350,262
Suriname,296,208
Sao Tome and Principe,277,229
Madagascar,270,212
Togo,258,211
San Marino,252,197
Burkina Faso,206,145
Angola,203,154
Palau,195,154
Syria,186,151
Yemen,186,118
Uzbekistan,183,132
Micronesia,163,111
Lesotho,161,113
Mauritania,161,95
South Sudan,144,78
Solomon Islands,131,73
Burundi,131,108
Gambia,104,74
Tonga,90,61
Mali,88,50
Liechtenstein,54,47
Niger,35,21
Monaco,34,32
Marshall Islands,29,21
Central African Republic,24,24
Djibouti,13,11
Chad,9,6
Vatican City,6,2
Eritrea,5,3
Guinea-Bissau,5,1
Nauru,3,1
Turkmenistan,3,0
Libya,3,2
Tuvalu,2,0
