domain,country,cited_unique_works,country_share_pct
Health Sciences,AD,9,0.0002921010994360826
Health Sciences,AE,1632,0.052967666031076305
Health Sciences,AF,124,0.004024504036674916
Health Sciences,AG,63,0.002044707696052578
Health Sciences,AL,182,0.005906933344151892
Health Sciences,AM,433,0.014053308450647086
Health Sciences,AO,53,0.0017201509189013755
Health Sciences,AR,6233,0.20229623919834475
Health Sciences,AS,46,0.0014929611748955333
Health Sciences,AT,17189,0.5578806442452027
Health Sciences,AU,149936,4.8662744938942755
Health Sciences,AW,6,0.00019473406629072175
Health Sciences,AX,8,0.0002596454217209623
Health Sciences,AZ,76,0.002466631506349142
Health Sciences,BA,394,0.012787537019757393
Health Sciences,BB,159,0.005160452756704126
Health Sciences,BD,3500,0.11359487200292102
Health Sciences,BE,31668,1.0278064018824293
Health Sciences,BF,633,0.020544443993671144
Health Sciences,BG,1438,0.04667126455434297
Health Sciences,BH,417,0.01353401760720516
Health Sciences,BI,91,0.002953466672075946
Health Sciences,BJ,322,0.010450728224268733
Health Sciences,BM,1,3.245567771512029e-05
Health Sciences,BN,132,0.004284149458395878
Health Sciences,BO,235,0.007627084263053268
Health Sciences,BR,48172,1.5634549068927746
Health Sciences,BS,22,0.0007140249097326464
Health Sciences,BT,78,0.0025315428617793826
Health Sciences,BW,376,0.012203334820885228
Health Sciences,BY,363,0.011781411010588666
Health Sciences,BZ,74,0.0024017201509189015
Health Sciences,CA,146991,4.770692523023246
Health Sciences,CD,398,0.012917359730617875
Health Sciences,CF,51,0.0016552395634711345
Health Sciences,CG,301,0.009769158992251207
Health Sciences,CH,40068,1.3004340946894397
Health Sciences,CI,394,0.012787537019757393
Health Sciences,CL,5770,0.18726926041624406
Health Sciences,CM,1294,0.04199764696336565
Health Sciences,CN,78578,2.550302243498722
Health Sciences,CO,4714,0.15299606474907704
Health Sciences,CR,574,0.018629559008479048
Health Sciences,CU,771,0.02502332751835774
Health Sciences,CV,6,0.00019473406629072175
Health Sciences,CW,114,0.003699947259523713
Health Sciences,CY,816,0.026483833015538152
Health Sciences,CZ,6871,0.22300296158059152
Health Sciences,DE,129213,4.193695484603838
Health Sciences,DJ,9,0.0002921010994360826
Health Sciences,DK,37237,1.2085520710779343
Health Sciences,DM,8,0.0002596454217209623
Health Sciences,DO,99,0.0032131120937969088
Health Sciences,DZ,421,0.013663840318065642
Health Sciences,EC,684,0.022199683557142278
Health Sciences,EE,1053,0.03417582863402166
Health Sciences,EG,8397,0.2725303257738651
Health Sciences,ER,37,0.0012008600754594507
Health Sciences,ES,84977,2.757986125197777
Health Sciences,ET,4823,0.15653373362002515
Health Sciences,FI,29563,0.9594872002921011
Health Sciences,FJ,149,0.004835895979552923
Health Sciences,FK,5,0.00016227838857560143
Health Sciences,FM,12,0.0003894681325814435
Health Sciences,FO,29,0.0009412146537384883
Health Sciences,FR,91043,2.9548622662176967
Health Sciences,GA,159,0.005160452756704126
Health Sciences,GB,318167,10.326325611586677
Health Sciences,GD,115,0.0037324029372388335
Health Sciences,GE,214,0.006945515031035741
Health Sciences,GF,228,0.007399894519047426
Health Sciences,GH,2375,0.07708223457341068
Health Sciences,GI,80,0.002596454217209623
Health Sciences,GL,87,0.002823643961215465
Health Sciences,GM,563,0.018272546553612722
Health Sciences,GN,53,0.0017201509189013755
Health Sciences,GP,124,0.004024504036674916
Health Sciences,GQ,4,0.00012982271086048116
Health Sciences,GR,14163,0.4596697634792486
Health Sciences,GT,486,0.01577345936954846
Health Sciences,GU,34,0.0011034930423140898
Health Sciences,GW,167,0.005420098178425089
Health Sciences,GY,26,0.0008438476205931276
Health Sciences,HK,12510,0.40602052821615486
Health Sciences,HN,96,0.003115745060651548
Health Sciences,HR,2471,0.08019797963406224
Health Sciences,HT,51,0.0016552395634711345
Health Sciences,HU,4422,0.14351900685626193
Health Sciences,ID,3561,0.11557466834354335
Health Sciences,IE,17048,0.5533043936873707
Health Sciences,IL,21425,0.6953628950464522
Health Sciences,IM,16,0.0005192908434419246
Health Sciences,IN,44071,1.4303541725830662
Health Sciences,IQ,667,0.02164793703598523
Health Sciences,IR,16839,0.5465211570449106
Health Sciences,IS,1374,0.044594101180575274
Health Sciences,IT,97489,3.1640715647693622
Health Sciences,JE,8,0.0002596454217209623
Health Sciences,JM,676,0.021940038135421315
Health Sciences,JO,1901,0.061698243336443664
Health Sciences,JP,87212,2.8305245648910704
Health Sciences,KE,5097,0.16542658931396811
Health Sciences,KG,53,0.0017201509189013755
Health Sciences,KH,430,0.013955941417501724
Health Sciences,KI,2,6.491135543024058e-05
Health Sciences,KN,51,0.0016552395634711345
Health Sciences,KP,4,0.00012982271086048116
Health Sciences,KR,34865,1.131567203537669
Health Sciences,KW,1203,0.039044180291289705
Health Sciences,KY,15,0.0004868351657268044
Health Sciences,KZ,332,0.010775285001419936
Health Sciences,LA,204,0.006620958253884538
Health Sciences,LB,2252,0.07309018621445089
Health Sciences,LC,5,0.00016227838857560143
Health Sciences,LI,24,0.000778936265162887
Health Sciences,LK,1825,0.059231611830094524
Health Sciences,LR,71,0.0023043531177735404
Health Sciences,LS,26,0.0008438476205931276
Health Sciences,LT,971,0.0315144630613818
Health Sciences,LU,620,0.020122520183374577
Health Sciences,LV,465,0.015091890137530935
Health Sciences,LY,164,0.005322731145279727
Health Sciences,MA,1206,0.03914154732443507
Health Sciences,MC,61,0.0019797963406223374
Health Sciences,MD,260,0.008438476205931274
Health Sciences,ME,76,0.002466631506349142
Health Sciences,MG,153,0.0049657186904134044
Health Sciences,MK,218,0.007075337741896223
Health Sciences,ML,249,0.008081463751064952
Health Sciences,MM,412,0.01337173921862956
Health Sciences,MN,176,0.005712199277861171
Health Sciences,MO,306,0.009931437380826809
Health Sciences,MP,5,0.00016227838857560143
Health Sciences,MQ,77,0.002499087184064262
Health Sciences,MR,13,0.0004219238102965638
Health Sciences,MS,3,9.736703314536088e-05
Health Sciences,MT,396,0.012852448375187635
Health Sciences,MU,87,0.002823643961215465
Health Sciences,MV,133,0.004316605136110999
Health Sciences,MW,843,0.0273601363138464
Health Sciences,MX,8450,0.2742504766927664
Health Sciences,MY,6417,0.2082680838979269
Health Sciences,MZ,490,0.01590328208040894
Health Sciences,NA,121,0.003927137003529555
Health Sciences,NC,58,0.0018824293074769765
Health Sciences,NE,117,0.003797314292669074
Health Sciences,NG,6817,0.221250354983975
Health Sciences,NI,141,0.004576250557831961
Health Sciences,NL,90165,2.9263661811838206
Health Sciences,NO,29048,0.9427725262688141
Health Sciences,NP,1490,0.04835895979552923
Health Sciences,NZ,17289,0.5611262120167146
Health Sciences,OM,724,0.02349791066574709
Health Sciences,PA,327,0.010613006612844334
Health Sciences,PE,1908,0.06192543308044951
Health Sciences,PF,87,0.002823643961215465
Health Sciences,PG,317,0.010288449835693131
Health Sciences,PH,1636,0.053097488741936795
Health Sciences,PK,4820,0.1564363665868798
Health Sciences,PL,12134,0.39381719339526955
Health Sciences,PR,616,0.019992697472514098
Health Sciences,PS,351,0.011391942878007221
Health Sciences,PT,14417,0.4679135056188892
Health Sciences,PW,4,0.00012982271086048116
Health Sciences,PY,592,0.019213761207351212
Health Sciences,QA,2222,0.07211651588299728
Health Sciences,RE,92,0.0029859223497910666
Health Sciences,RO,2136,0.06932532759949694
Health Sciences,RS,2737,0.08883118990628423
Health Sciences,RU,5198,0.16870461276319526
Health Sciences,RW,469,0.015221712848391416
Health Sciences,SA,6719,0.21806969856789324
Health Sciences,SB,6,0.00019473406629072175
Health Sciences,SC,10,0.00032455677715120286
Health Sciences,SD,625,0.020284798571950178
Health Sciences,SE,59688,1.9372144914600997
Health Sciences,SG,9294,0.301643068684328
Health Sciences,SI,2587,0.08396283824901618
Health Sciences,SJ,5,0.00016227838857560143
Health Sciences,SK,1559,0.05059840155787253
Health Sciences,SL,117,0.003797314292669074
Health Sciences,SM,14,0.000454379488011684
Health Sciences,SN,437,0.014183131161507566
Health Sciences,SO,68,0.0022069860846281797
Health Sciences,SR,24,0.000778936265162887
Health Sciences,SS,179,0.005809566311006532
Health Sciences,ST,144,0.0046736175909773215
Health Sciences,SV,129,0.004186782425250517
Health Sciences,SX,12,0.0003894681325814435
Health Sciences,SY,213,0.006913059353320621
Health Sciences,SZ,39,0.0012657714308896913
Health Sciences,TD,18,0.0005842021988721652
Health Sciences,TG,87,0.002823643961215465
Health Sciences,TH,9238,0.29982555073228123
Health Sciences,TJ,23,0.0007464805874477666
Health Sciences,TL,17,0.0005517465211570449
Health Sciences,TM,1,3.245567771512029e-05
Health Sciences,TN,1441,0.046768631587488334
Health Sciences,TO,9,0.0002921010994360826
Health Sciences,TR,24705,0.8018175179520467
Health Sciences,TT,250,0.008113919428780071
Health Sciences,TV,2,6.491135543024058e-05
Health Sciences,TW,19798,0.6425575074039516
Health Sciences,TZ,2347,0.07617347559738731
Health Sciences,UA,700,0.022718974400584204
Health Sciences,UG,3349,0.10869406466793785
Health Sciences,US,1059328,34.381208162602945
Health Sciences,UY,926,0.030053957564201386
Health Sciences,UZ,61,0.0019797963406223374
Health Sciences,VA,5,0.00016227838857560143
Health Sciences,VC,2,6.491135543024058e-05
Health Sciences,VE,720,0.02336808795488661
Health Sciences,VG,12,0.0003894681325814435
Health Sciences,VI,13,0.0004219238102965638
Health Sciences,VN,1808,0.058679865308937484
Health Sciences,VU,16,0.0005192908434419246
Health Sciences,WS,17,0.0005517465211570449
Health Sciences,XK,121,0.003927137003529555
Health Sciences,YE,162,0.005257819789849487
Health Sciences,ZA,19365,0.6285041989533044
Health Sciences,ZM,724,0.02349791066574709
Health Sciences,ZW,831,0.02697066818126496
Life Sciences,AD,4,0.0002112174414914486
Life Sciences,AE,891,0.047048685092220176
Life Sciences,AF,51,0.00269302237901597
Life Sciences,AG,22,0.0011616959282029673
Life Sciences,AL,117,0.006178110163624872
Life Sciences,AM,312,0.01647496043633299
Life Sciences,AO,20,0.0010560872074572428
Life Sciences,AR,8651,0.45681052158563046
Life Sciences,AS,20,0.0010560872074572428
Life Sciences,AT,11482,0.6062996658012032
Life Sciences,AU,78851,4.163676619760554
Life Sciences,AW,3,0.00015841308111858645
Life Sciences,AX,5,0.0002640218018643107
Life Sciences,AZ,145,0.007656632254065011
Life Sciences,BA,219,0.011564154921656812
Life Sciences,BB,82,0.004329957550574696
Life Sciences,BD,3001,0.15846588547895932
Life Sciences,BE,22034,1.1634912764556447
Life Sciences,BF,701,0.03701585662137637
Life Sciences,BG,1373,0.07250038679193972
Life Sciences,BH,118,0.006230914523997734
Life Sciences,BI,144,0.00760382789369215
Life Sciences,BJ,743,0.03923363975703657
Life Sciences,BM,17,0.0008976741263386565
Life Sciences,BN,55,0.002904239820507418
Life Sciences,BO,315,0.016633373517451578
Life Sciences,BR,58898,3.1100712172408347
Life Sciences,BS,42,0.00221778313566021
Life Sciences,BT,74,0.0039075226675918
Life Sciences,BW,368,0.01943200461721327
Life Sciences,BY,198,0.010455263353826705
Life Sciences,BZ,68,0.003590696505354626
Life Sciences,CA,80841,4.26875729690255
Life Sciences,CD,264,0.013940351138435609
Life Sciences,CF,46,0.0024290005771516587
Life Sciences,CG,118,0.006230914523997734
Life Sciences,CH,24781,1.3085448543998968
Life Sciences,CI,755,0.03986729208151093
Life Sciences,CL,4466,0.23582427342520237
Life Sciences,CM,1217,0.06426290657377323
Life Sciences,CN,61005,3.2213300045464557
Life Sciences,CO,4446,0.23476818621774512
Life Sciences,CR,1043,0.05507494786889522
Life Sciences,CU,670,0.03537892144981764
Life Sciences,CV,11,0.0005808479641014837
Life Sciences,CW,44,0.0023233918564059346
Life Sciences,CY,675,0.03564294325168195
Life Sciences,CZ,8020,0.4234909701903544
Life Sciences,DE,85858,4.533676772893198
Life Sciences,DJ,8,0.0004224348829828972
Life Sciences,DK,18852,0.9954678017491972
Life Sciences,DM,5,0.0002640218018643107
Life Sciences,DO,72,0.003801913946846075
Life Sciences,DZ,662,0.03495648656683474
Life Sciences,EC,739,0.03902242231554513
Life Sciences,EE,1469,0.0775696053877345
Life Sciences,EG,5407,0.2855131765360656
Life Sciences,ER,34,0.001795348252677313
Life Sciences,ES,58075,3.0666132286539693
Life Sciences,ET,4533,0.2393621655701841
Life Sciences,FI,17695,0.9343731567977958
Life Sciences,FJ,179,0.009451980506742324
Life Sciences,FK,57,0.0030098485412531424
Life Sciences,FM,14,0.00073926104522007
Life Sciences,FO,39,0.002059370054541624
Life Sciences,FR,65767,3.4727843686420248
Life Sciences,GA,116,0.006125305803252009
Life Sciences,GB,158262,8.35692368132991
Life Sciences,GD,54,0.002851435460134556
Life Sciences,GE,160,0.008448697659657943
Life Sciences,GF,129,0.006811762488099218
Life Sciences,GH,2046,0.10803772132287595
Life Sciences,GI,24,0.0012673046489486916
Life Sciences,GL,52,0.002745826739388832
Life Sciences,GM,289,0.01526046014775716
Life Sciences,GN,28,0.00147852209044014
Life Sciences,GP,145,0.007656632254065011
Life Sciences,GQ,3,0.00015841308111858645
Life Sciences,GR,7797,0.4117155978272061
Life Sciences,GT,228,0.01203939416501257
Life Sciences,GU,96,0.005069218595794766
Life Sciences,GW,121,0.00638932760511632
Life Sciences,GY,21,0.001108891567830105
Life Sciences,HK,4289,0.22647790163920575
Life Sciences,HN,104,0.005491653478777664
Life Sciences,HR,1869,0.09869134953687936
Life Sciences,HT,20,0.0010560872074572428
Life Sciences,HU,4603,0.24305847079628445
Life Sciences,ID,3615,0.19088776274789668
Life Sciences,IE,10373,0.5477396301476991
Life Sciences,IL,13225,0.6983376659311019
Life Sciences,IM,28,0.00147852209044014
Life Sciences,IN,35427,1.8707000749293874
Life Sciences,IQ,402,0.02122735286989058
Life Sciences,IR,8277,0.43706169080618
Life Sciences,IS,875,0.04620381532625438
Life Sciences,IT,58267,3.076751665845559
Life Sciences,JE,30,0.0015841308111858646
Life Sciences,JM,291,0.015366068868502886
Life Sciences,JO,851,0.04493651067730569
Life Sciences,JP,63018,3.327625181977027
Life Sciences,KE,6427,0.339373624116385
Life Sciences,KG,38,0.0020065656941687616
Life Sciences,KH,341,0.018006286887145992
Life Sciences,KI,1,5.280436037286215e-05
Life Sciences,KN,46,0.0024290005771516587
Life Sciences,KP,3,0.00015841308111858645
Life Sciences,KR,16007,0.8452393964884045
Life Sciences,KW,586,0.030943355178497223
Life Sciences,KY,10,0.0005280436037286214
Life Sciences,KZ,304,0.016052525553350093
Life Sciences,LA,169,0.008923936903013702
Life Sciences,LB,862,0.04551735864140717
Life Sciences,LC,5,0.0002640218018643107
Life Sciences,LI,6,0.0003168261622371729
Life Sciences,LK,1555,0.08211078037980064
Life Sciences,LR,28,0.00147852209044014
Life Sciences,LS,35,0.0018481526130501753
Life Sciences,LT,723,0.03817755254957934
Life Sciences,LU,417,0.022019418275483517
Life Sciences,LV,579,0.030573724655887185
Life Sciences,LY,112,0.00591408836176056
Life Sciences,MA,1784,0.09420297890518609
Life Sciences,MC,35,0.0018481526130501753
Life Sciences,MD,279,0.01473241654402854
Life Sciences,ME,52,0.002745826739388832
Life Sciences,MG,212,0.011194524399046776
Life Sciences,MK,164,0.008659915101149392
Life Sciences,ML,398,0.021016135428399134
Life Sciences,MM,165,0.008712719461522255
Life Sciences,MN,111,0.005861284001387699
Life Sciences,MO,200,0.01056087207457243
Life Sciences,MP,4,0.0002112174414914486
Life Sciences,MQ,46,0.0024290005771516587
Life Sciences,MR,23,0.0012145002885758293
Life Sciences,MS,1,5.280436037286215e-05
Life Sciences,MT,146,0.007709436614437874
Life Sciences,MU,130,0.006864566848472079
Life Sciences,MV,94,0.004963609875049042
Life Sciences,MW,520,0.027458267393888316
Life Sciences,MX,9839,0.5195421017085907
Life Sciences,MY,4436,0.2342401426140165
Life Sciences,MZ,282,0.014890829625147125
Life Sciences,NA,137,0.007234197371082115
Life Sciences,NC,110,0.005808479641014836
Life Sciences,NE,271,0.014309981661045641
Life Sciences,NG,6057,0.31983601077842605
Life Sciences,NI,164,0.008659915101149392
Life Sciences,NL,46042,2.431218360287319
Life Sciences,NO,16978,0.8965124304104536
Life Sciences,NP,1063,0.05613103507635246
Life Sciences,NZ,14947,0.7892667744931705
Life Sciences,OM,425,0.022441853158466415
Life Sciences,PA,527,0.027827897916498354
Life Sciences,PE,1962,0.10360215505155553
Life Sciences,PF,107,0.00565006655989625
Life Sciences,PG,252,0.01330669881396126
Life Sciences,PH,2710,0.14309981661045643
Life Sciences,PK,3222,0.17013564912136184
Life Sciences,PL,10488,0.5538121315905783
Life Sciences,PR,650,0.0343228342423604
Life Sciences,PS,161,0.008501502020030806
Life Sciences,PT,9859,0.5205981889160479
Life Sciences,PW,9,0.0004752392433557594
Life Sciences,PY,516,0.027247049952396872
Life Sciences,QA,830,0.04382761910947558
Life Sciences,RE,105,0.005544457839150526
Life Sciences,RO,1477,0.07799204027071739
Life Sciences,RS,1849,0.09763526232942212
Life Sciences,RU,5860,0.3094335517849722
Life Sciences,RW,259,0.013676329336571296
Life Sciences,SA,2721,0.14368066457455791
Life Sciences,SB,3,0.00015841308111858645
Life Sciences,SC,33,0.001742543892304451
Life Sciences,SD,598,0.031577007502971564
Life Sciences,SE,31441,1.660221894483159
Life Sciences,SG,4235,0.2236264661790712
Life Sciences,SI,1930,0.10191241551962395
Life Sciences,SJ,5,0.0002640218018643107
Life Sciences,SK,1902,0.10043389342918381
Life Sciences,SL,117,0.006178110163624872
Life Sciences,SM,6,0.0003168261622371729
Life Sciences,SN,505,0.026666201988295387
Life Sciences,SO,36,0.0019009569734230376
Life Sciences,SR,17,0.0008976741263386565
Life Sciences,SS,63,0.003326674703490315
Life Sciences,ST,27,0.001425717730067278
Life Sciences,SV,61,0.0032210659827445914
Life Sciences,SX,4,0.0002112174414914486
Life Sciences,SY,506,0.026719006348668247
Life Sciences,SZ,50,0.0026402180186431076
Life Sciences,TD,28,0.00147852209044014
Life Sciences,TG,114,0.006019697082506285
Life Sciences,TH,6353,0.33546610144879324
Life Sciences,TJ,24,0.0012673046489486916
Life Sciences,TL,4,0.0002112174414914486
Life Sciences,TM,4,0.0002112174414914486
Life Sciences,TN,1593,0.08411734607396941
Life Sciences,TO,3,0.00015841308111858645
Life Sciences,TR,12267,0.6477510886939
Life Sciences,TT,265,0.013993155498808469
Life Sciences,TW,9015,0.47603130876135225
Life Sciences,TZ,1980,0.10455263353826706
Life Sciences,UA,691,0.036487813017647745
Life Sciences,UG,2086,0.11014989573779044
Life Sciences,US,610193,32.220851068997874
Life Sciences,UY,1082,0.057134317923436845
Life Sciences,UZ,145,0.007656632254065011
Life Sciences,VE,790,0.0417154446945611
Life Sciences,VG,2,0.0001056087207457243
Life Sciences,VI,30,0.0015841308111858646
Life Sciences,VN,1460,0.07709436614437874
Life Sciences,VU,14,0.00073926104522007
Life Sciences,WS,25,0.0013201090093215538
Life Sciences,XK,55,0.002904239820507418
Life Sciences,YE,70,0.0036963052261003507
Life Sciences,ZA,13672,0.7219412150177713
Life Sciences,ZM,502,0.0265077889071768
Life Sciences,ZW,818,0.04319396678500124
Physical Sciences,AD,12,0.0005446561290835026
Physical Sciences,AE,1680,0.07625185807169035
Physical Sciences,AF,50,0.0022694005378479276
Physical Sciences,AG,8,0.0003631040860556684
Physical Sciences,AL,155,0.007035141667328575
Physical Sciences,AM,405,0.018382144356568212
Physical Sciences,AO,30,0.0013616403227087565
Physical Sciences,AR,8764,0.39778052627398475
Physical Sciences,AS,27,0.0012254762904378809
Physical Sciences,AT,15014,0.6814555935049756
Physical Sciences,AU,97167,4.410216841221391
Physical Sciences,AW,4,0.0001815520430278342
Physical Sciences,AX,2,9.07760215139171e-05
Physical Sciences,AZ,205,0.009304542205176503
Physical Sciences,BA,201,0.009122990162148669
Physical Sciences,BB,171,0.0077613498394399115
Physical Sciences,BD,3006,0.1364363603354174
Physical Sciences,BE,23176,1.0519125373032714
Physical Sciences,BF,310,0.01407028333465715
Physical Sciences,BG,1554,0.07053296871631358
Physical Sciences,BH,178,0.008079065914738622
Physical Sciences,BI,96,0.004357249032668021
Physical Sciences,BJ,303,0.01375256725935844
Physical Sciences,BM,124,0.005628113333862861
Physical Sciences,BN,195,0.008850662097606918
Physical Sciences,BO,341,0.015477311668122865
Physical Sciences,BR,47485,2.155249690794177
Physical Sciences,BS,72,0.0032679367745010153
Physical Sciences,BT,82,0.003721816882070601
Physical Sciences,BW,438,0.019879948711547846
Physical Sciences,BY,264,0.011982434839837058
Physical Sciences,BZ,45,0.002042460484063135
Physical Sciences,CA,117677,5.341124941846611
Physical Sciences,CD,173,0.007852125860953829
Physical Sciences,CF,16,0.0007262081721113368
Physical Sciences,CG,133,0.006036605430675487
Physical Sciences,CH,30369,1.3783884986780741
Physical Sciences,CI,365,0.01656662392628987
Physical Sciences,CL,7078,0.3212563401377526
Physical Sciences,CM,754,0.034222560110746744
Physical Sciences,CN,92277,4.188269468619864
Physical Sciences,CO,4734,0.21486684292344177
Physical Sciences,CR,972,0.044117146455763714
Physical Sciences,CU,479,0.021740857152583146
Physical Sciences,CV,15,0.0006808201613543783
Physical Sciences,CW,56,0.002541728602389679
Physical Sciences,CY,1408,0.06390631914579764
Physical Sciences,CZ,8747,0.39700893009111643
Physical Sciences,DE,103696,4.706555163453574
Physical Sciences,DJ,18,0.0008169841936252538
Physical Sciences,DK,22524,1.0223195542897345
Physical Sciences,DM,4,0.0001815520430278342
Physical Sciences,DO,96,0.004357249032668021
Physical Sciences,DZ,1103,0.05006297586492529
Physical Sciences,EC,1217,0.055237209091218556
Physical Sciences,EE,2440,0.11074674624697886
Physical Sciences,EG,4436,0.20134121571786812
Physical Sciences,ER,26,0.0011800882796809222
Physical Sciences,ES,67246,3.0521621713624345
Physical Sciences,ET,2820,0.12799419033462311
Physical Sciences,FI,22906,1.0396577743988924
Physical Sciences,FJ,353,0.01602196779720637
Physical Sciences,FK,102,0.004629577097209772
Physical Sciences,FM,19,0.0008623722043822124
Physical Sciences,FO,114,0.005174233226293274
Physical Sciences,FR,66672,3.0261094531879404
Physical Sciences,GA,51,0.002314788548604886
Physical Sciences,GB,173293,7.865424548105618
Physical Sciences,GD,31,0.0014070283334657152
Physical Sciences,GE,149,0.006762813602786823
Physical Sciences,GF,80,0.003631040860556684
Physical Sciences,GH,2288,0.10384776861192117
Physical Sciences,GI,11,0.0004992681183265441
Physical Sciences,GL,226,0.010257690431072632
Physical Sciences,GM,48,0.0021786245163340104
Physical Sciences,GN,10,0.0004538801075695855
Physical Sciences,GP,70,0.0031771607529870985
Physical Sciences,GQ,2,9.07760215139171e-05
Physical Sciences,GR,12069,0.5477879018257328
Physical Sciences,GT,128,0.005809665376890694
Physical Sciences,GU,126,0.005718889355376777
Physical Sciences,GW,62,0.0028140566669314303
Physical Sciences,GY,35,0.0015885803764935493
Physical Sciences,HK,7862,0.3568405405712081
Physical Sciences,HN,70,0.0031771607529870985
Physical Sciences,HR,2672,0.12127676474259326
Physical Sciences,HT,12,0.0005446561290835026
Physical Sciences,HU,3993,0.1812343269525355
Physical Sciences,ID,7093,0.32193716029910696
Physical Sciences,IE,10447,0.474168548377946
Physical Sciences,IL,10793,0.4898728000998536
Physical Sciences,IM,70,0.0031771607529870985
Physical Sciences,IN,40071,1.818742979042086
Physical Sciences,IQ,603,0.027368970486446008
Physical Sciences,IR,7954,0.36101623756084833
Physical Sciences,IS,1471,0.06676576382348602
Physical Sciences,IT,58040,2.634320144333874
Physical Sciences,JE,46,0.002087848494820093
Physical Sciences,JM,311,0.014115671345414109
Physical Sciences,JO,1157,0.05251392844580104
Physical Sciences,JP,61119,2.77406982945455
Physical Sciences,KE,3476,0.15776872539118791
Physical Sciences,KG,62,0.0028140566669314303
Physical Sciences,KH,255,0.01157394274302443
Physical Sciences,KN,14,0.0006354321505974197
Physical Sciences,KP,10,0.0004538801075695855
Physical Sciences,KR,19281,0.8751262354049179
Physical Sciences,KW,1240,0.0562811333386286
Physical Sciences,KY,11,0.0004992681183265441
Physical Sciences,KZ,517,0.02346560156134757
Physical Sciences,LA,94,0.004266473011154104
Physical Sciences,LB,919,0.04171158188564491
Physical Sciences,LC,7,0.00031771607529870987
Physical Sciences,LI,38,0.0017247444087644247
Physical Sciences,LK,1698,0.07706884226531562
Physical Sciences,LR,19,0.0008623722043822124
Physical Sciences,LS,33,0.0014978043549796322
Physical Sciences,LT,1267,0.05750660962906649
Physical Sciences,LU,723,0.032815531777281026
Physical Sciences,LV,997,0.04525184672468767
Physical Sciences,LY,102,0.004629577097209772
Physical Sciences,MA,1522,0.06908055237209092
Physical Sciences,MC,186,0.00844217000079429
Physical Sciences,MD,588,0.026688150325091628
Physical Sciences,ME,121,0.005491949301591984
Physical Sciences,MG,137,0.0062181574737033216
Physical Sciences,MK,268,0.01216398688286489
Physical Sciences,ML,142,0.006445097527488114
Physical Sciences,MM,101,0.0045841890864528135
Physical Sciences,MN,154,0.006989753656571616
Physical Sciences,MO,214,0.00971303430198913
Physical Sciences,MP,16,0.0007262081721113368
Physical Sciences,MQ,19,0.0008623722043822124
Physical Sciences,MR,25,0.0011347002689239638
Physical Sciences,MS,8,0.0003631040860556684
Physical Sciences,MT,291,0.01320791113027494
Physical Sciences,MU,219,0.009939974355773923
Physical Sciences,MV,107,0.004856517150994565
Physical Sciences,MW,396,0.017973652259755585
Physical Sciences,MX,9777,0.4437585811707837
Physical Sciences,MY,7130,0.32361651669711444
Physical Sciences,MZ,222,0.010076138388044798
Physical Sciences,NA,228,0.010348466452586549
Physical Sciences,NC,200,0.00907760215139171
Physical Sciences,NE,125,0.005673501344619819
Physical Sciences,NG,4426,0.20088733561029853
Physical Sciences,NI,119,0.005401173280078068
Physical Sciences,NL,49380,2.241259971178613
Physical Sciences,NO,29573,1.3422596421155353
Physical Sciences,NP,975,0.04425331048803458
Physical Sciences,NU,1,4.538801075695855e-05
Physical Sciences,NZ,20766,0.9425274313790012
Physical Sciences,OM,508,0.02305710946453494
Physical Sciences,PA,588,0.026688150325091628
Physical Sciences,PE,1728,0.07843048258802438
Physical Sciences,PF,129,0.0058550533876476525
Physical Sciences,PG,164,0.007443633764141202
Physical Sciences,PH,2263,0.10271306834299719
Physical Sciences,PK,3356,0.15232216410035287
Physical Sciences,PL,12787,0.5803764935492289
Physical Sciences,PR,857,0.03889752521871348
Physical Sciences,PS,246,0.011165450646211803
Physical Sciences,PT,14228,0.6457806170500063
Physical Sciences,PW,37,0.0016793563980074663
Physical Sciences,PY,543,0.02464568984102849
Physical Sciences,QA,984,0.04466180258484721
Physical Sciences,RE,114,0.005174233226293274
Physical Sciences,RO,2903,0.13176139522745067
Physical Sciences,RS,1737,0.078838974684837
Physical Sciences,RU,11115,0.5044877395635943
Physical Sciences,RW,211,0.009576870269718254
Physical Sciences,SA,3363,0.1526398801756516
Physical Sciences,SB,8,0.0003631040860556684
Physical Sciences,SC,57,0.002587116613146637
Physical Sciences,SD,285,0.012935583065733187
Physical Sciences,SE,41477,1.8825585221663697
Physical Sciences,SG,6855,0.31113481373895086
Physical Sciences,SI,2629,0.11932508028004403
Physical Sciences,SJ,52,0.0023601765593618445
Physical Sciences,SK,2423,0.10997515006411056
Physical Sciences,SL,73,0.0033133247852579744
Physical Sciences,SM,18,0.0008169841936252538
Physical Sciences,SN,341,0.015477311668122865
Physical Sciences,SO,32,0.0014524163442226736
Physical Sciences,SR,31,0.0014070283334657152
Physical Sciences,SS,95,0.0043118610219110625
Physical Sciences,ST,28,0.0012708643011948395
Physical Sciences,SV,68,0.0030863847314731812
Physical Sciences,SX,1,4.538801075695855e-05
Physical Sciences,SY,231,0.010484630484857425
Physical Sciences,SZ,57,0.002587116613146637
Physical Sciences,TC,4,0.0001815520430278342
Physical Sciences,TD,19,0.0008623722043822124
Physical Sciences,TG,68,0.0030863847314731812
Physical Sciences,TH,4539,0.20601618082583487
Physical Sciences,TJ,35,0.0015885803764935493
Physical Sciences,TL,2,9.07760215139171e-05
Physical Sciences,TM,4,0.0001815520430278342
Physical Sciences,TN,1480,0.06717425592029866
Physical Sciences,TO,2,9.07760215139171e-05
Physical Sciences,TR,11274,0.5117044332739508
Physical Sciences,TT,257,0.011664718764538347
Physical Sciences,TV,3,0.00013616403227087565
Physical Sciences,TW,10829,0.4915067684871041
Physical Sciences,TZ,1444,0.06554028753304814
Physical Sciences,UA,1354,0.06145536656492188
Physical Sciences,UG,1052,0.04774818731632039
Physical Sciences,US,712619,32.34435883761304
Physical Sciences,UY,1001,0.04543339876771551
Physical Sciences,UZ,168,0.007625185807169036
Physical Sciences,VA,3,0.00013616403227087565
Physical Sciences,VE,763,0.034631052207559375
Physical Sciences,VG,87,0.0039487569358553935
Physical Sciences,VI,69,0.0031317727422301403
Physical Sciences,VN,1692,0.07679651420077387
Physical Sciences,VU,12,0.0005446561290835026
Physical Sciences,WS,20,0.000907760215139171
Physical Sciences,XK,62,0.0028140566669314303
Physical Sciences,YE,65,0.002950220699202306
Physical Sciences,YT,2,9.07760215139171e-05
Physical Sciences,ZA,17387,0.7891613430312383
Physical Sciences,ZM,366,0.01661201193704683
Physical Sciences,ZW,650,0.029502206992023057
Social Sciences,AD,6,0.0002593663679630662
Social Sciences,AE,1938,0.08377533685207039
Social Sciences,AF,148,0.006397703743088967
Social Sciences,AG,24,0.0010374654718522647
Social Sciences,AL,301,0.013011546126147154
Social Sciences,AM,266,0.011498575646362603
Social Sciences,AO,50,0.0021613863996922185
Social Sciences,AR,6643,0.2871617970631081
Social Sciences,AS,29,0.0012536041118214867
Social Sciences,AT,13879,0.599957636826566
Social Sciences,AU,122254,5.284762658159449
Social Sciences,AW,10,0.00043227727993844374
Social Sciences,AX,2,8.645545598768874e-05
Social Sciences,AZ,305,0.013184457038122535
Social Sciences,BA,327,0.01413546705398711
Social Sciences,BB,216,0.009337189246670385
Social Sciences,BD,3235,0.13984170006008653
Social Sciences,BE,25650,1.1087912230421082
Social Sciences,BF,296,0.012795407486177935
Social Sciences,BG,1117,0.048285372169124166
Social Sciences,BH,269,0.011628258830344136
Social Sciences,BI,132,0.0057060600951874575
Social Sciences,BJ,370,0.015994259357722418
Social Sciences,BM,16,0.0006916436479015099
Social Sciences,BN,279,0.01206053611028258
Social Sciences,BO,669,0.028919350027881884
Social Sciences,BR,35895,1.5516592963390439
Social Sciences,BS,82,0.0035446736954952386
Social Sciences,BT,81,0.0035014459675013943
Social Sciences,BW,608,0.02628245862025738
Social Sciences,BY,170,0.007348713758953544
Social Sciences,BZ,41,0.0017723368477476193
Social Sciences,CA,114352,4.943177151552092
Social Sciences,CD,201,0.008688773326762718
Social Sciences,CF,10,0.00043227727993844374
Social Sciences,CG,219,0.009466872430651918
Social Sciences,CH,29919,1.2933303938478298
Social Sciences,CI,475,0.020533170797076075
Social Sciences,CL,10111,0.43707555774576046
Social Sciences,CM,960,0.0414986188740906
Social Sciences,CN,38053,1.64494473334976
Social Sciences,CO,7728,0.3340638819364293
Social Sciences,CR,1110,0.047982778073167254
Social Sciences,CU,481,0.020792537165039142
Social Sciences,CV,11,0.00047550500793228805
Social Sciences,CW,28,0.0012103763838276424
Social Sciences,CY,1847,0.07984161360463056
Social Sciences,CZ,5357,0.2315709388630243
Social Sciences,DE,102135,4.415063998651295
Social Sciences,DJ,8,0.00034582182395075496
Social Sciences,DK,21409,0.9254624286202141
Social Sciences,DM,7,0.0003025940959569106
Social Sciences,DO,196,0.008472634686793497
Social Sciences,DZ,557,0.024077844492571315
Social Sciences,EC,1361,0.05883293779962218
Social Sciences,EE,2083,0.09004335741117783
Social Sciences,EG,2338,0.10106642804960814
Social Sciences,ER,29,0.0012536041118214867
Social Sciences,ES,64950,2.807640933200192
Social Sciences,ET,2655,0.1147696178236568
Social Sciences,FI,22127,0.9564999373197944
Social Sciences,FJ,429,0.018544695309359236
Social Sciences,FK,6,0.0002593663679630662
Social Sciences,FM,18,0.0007780991038891987
Social Sciences,FO,23,0.0009942377438584206
Social Sciences,FR,57653,2.4922082020291096
Social Sciences,GA,51,0.0022046141276860633
Social Sciences,GB,274077,11.847726005368884
Social Sciences,GD,32,0.0013832872958030199
Social Sciences,GE,230,0.009942377438584206
Social Sciences,GF,40,0.001729109119753775
Social Sciences,GH,3148,0.13608088772462207
Social Sciences,GI,36,0.0015561982077783973
Social Sciences,GL,63,0.0027233468636121954
Social Sciences,GM,88,0.0038040400634583044
Social Sciences,GN,24,0.0010374654718522647
Social Sciences,GP,55,0.0023775250396614405
Social Sciences,GQ,2,8.645545598768874e-05
Social Sciences,GR,8352,0.36103798420458816
Social Sciences,GT,235,0.010158516078553427
Social Sciences,GU,69,0.0029827132315752617
Social Sciences,GW,96,0.004149861887409059
Social Sciences,GY,31,0.0013400595678091755
Social Sciences,HK,11990,0.518300458646194
Social Sciences,HN,98,0.004236317343396748
Social Sciences,HR,2208,0.09544682341040837
Social Sciences,HT,41,0.0017723368477476193
Social Sciences,HU,3531,0.15263710754626447
Social Sciences,ID,10518,0.4546692430392551
Social Sciences,IE,15809,0.6833871518546857
Social Sciences,IL,16180,0.699424638940402
Social Sciences,IM,14,0.0006051881919138212
Social Sciences,IN,21287,0.9201886458049652
Social Sciences,IQ,374,0.016167170269697793
Social Sciences,IR,6078,0.2627381307465861
Social Sciences,IS,1206,0.05213263996057631
Social Sciences,IT,45619,1.9720057233511865
Social Sciences,JE,21,0.0009077822878707317
Social Sciences,JM,471,0.0203602598851007
Social Sciences,JO,1207,0.05217586768857015
Social Sciences,JP,22514,0.9732290680534121
Social Sciences,KE,3567,0.15419330575404286
Social Sciences,KG,124,0.005360238271236702
Social Sciences,KH,324,0.014005783870005577
Social Sciences,KI,1,4.322772799384437e-05
Social Sciences,KN,11,0.00047550500793228805
Social Sciences,KP,4,0.00017291091197537748
Social Sciences,KR,14130,0.610807796553021
Social Sciences,KW,594,0.025677270428343557
Social Sciences,KY,24,0.0010374654718522647
Social Sciences,KZ,698,0.03017295413970337
Social Sciences,LA,113,0.0048847332633044135
Social Sciences,LB,1571,0.0679107606783295
Social Sciences,LC,7,0.0003025940959569106
Social Sciences,LI,75,0.003242079599538328
Social Sciences,LK,1297,0.056066363208016154
Social Sciences,LR,50,0.0021613863996922185
Social Sciences,LS,105,0.004538911439353659
Social Sciences,LT,1404,0.0606917301033575
Social Sciences,LU,1428,0.06172919557520976
Social Sciences,LV,1379,0.05961103690351138
Social Sciences,LY,74,0.0031988518715444837
Social Sciences,MA,861,0.0372190738027
Social Sciences,MC,32,0.0013832872958030199
Social Sciences,MD,249,0.010763704270467248
Social Sciences,ME,118,0.0051008719032736355
Social Sciences,MG,88,0.0038040400634583044
Social Sciences,MK,392,0.016945269373586994
Social Sciences,ML,135,0.00583574327916899
Social Sciences,MM,155,0.006700297839045877
Social Sciences,MN,216,0.009337189246670385
Social Sciences,MO,565,0.02442366631652207
Social Sciences,MP,8,0.00034582182395075496
Social Sciences,MQ,15,0.0006484159199076656
Social Sciences,MR,11,0.00047550500793228805
Social Sciences,MS,3,0.0001296831839815331
Social Sciences,MT,592,0.02559081497235587
Social Sciences,MU,184,0.007953901950867365
Social Sciences,MV,61,0.0026368914076245068
Social Sciences,MW,558,0.02412107222056516
Social Sciences,MX,9681,0.4184876347084074
Social Sciences,MY,6735,0.29113874803854184
Social Sciences,MZ,268,0.011585031102350292
Social Sciences,NA,176,0.007608080126916609
Social Sciences,NC,57,0.0024639804956491295
Social Sciences,NE,99,0.004279545071390593
Social Sciences,NG,5555,0.24013002900580546
Social Sciences,NI,186,0.008040357406855053
Social Sciences,NL,68102,2.9438947318367896
Social Sciences,NO,29254,1.2645839547319233
Social Sciences,NP,1139,0.04923638218498874
Social Sciences,NU,1,4.322772799384437e-05
Social Sciences,NZ,16890,0.7301163258160315
Social Sciences,OM,488,0.021095131260996054
Social Sciences,PA,204,0.008818456510744253
Social Sciences,PE,2668,0.11533157828757679
Social Sciences,PF,59,0.0025504359516368177
Social Sciences,PG,175,0.007564852398922765
Social Sciences,PH,2316,0.10011541803374358
Social Sciences,PK,3732,0.1613258808730272
Social Sciences,PL,8231,0.35580742911733304
Social Sciences,PR,519,0.02243519082880523
Social Sciences,PS,376,0.016253625725685485
Social Sciences,PT,10645,0.46015916449447336
Social Sciences,PW,7,0.0003025940959569106
Social Sciences,PY,433,0.01871760622133461
Social Sciences,QA,1268,0.05481275909619466
Social Sciences,RE,79,0.0034149905115137057
Social Sciences,RO,2441,0.10551888403297412
Social Sciences,RS,1391,0.06012976963943752
Social Sciences,RU,8909,0.3851158286971595
Social Sciences,RW,344,0.014870338429882465
Social Sciences,SA,2549,0.11018747865630929
Social Sciences,SB,7,0.0003025940959569106
Social Sciences,SC,14,0.0006051881919138212
Social Sciences,SD,251,0.010850159726454938
Social Sciences,SE,42190,1.8237778440602939
Social Sciences,SG,8796,0.3802310954338551
Social Sciences,SI,2802,0.12112409383875193
Social Sciences,SJ,2,8.645545598768874e-05
Social Sciences,SK,1365,0.059005848711597565
Social Sciences,SL,92,0.0039769509754336825
Social Sciences,SM,9,0.00038904955194459933
Social Sciences,SN,311,0.0134438234060856
Social Sciences,SO,80,0.00345821823950755
Social Sciences,SR,18,0.0007780991038891987
Social Sciences,SS,278,0.012017308382288736
Social Sciences,ST,101,0.004366000527378281
Social Sciences,SV,192,0.008299723774818118
Social Sciences,SX,4,0.00017291091197537748
Social Sciences,SY,122,0.0052737828152490136
Social Sciences,SZ,64,0.0027665745916060397
Social Sciences,TC,1,4.322772799384437e-05
Social Sciences,TD,27,0.001167148655833798
Social Sciences,TG,92,0.0039769509754336825
Social Sciences,TH,3675,0.15886190037737807
Social Sciences,TJ,37,0.0015994259357722418
Social Sciences,TL,11,0.00047550500793228805
Social Sciences,TM,4,0.00017291091197537748
Social Sciences,TN,874,0.03778103426661998
Social Sciences,TO,12,0.0005187327359261324
Social Sciences,TR,14063,0.6079115387774334
Social Sciences,TT,279,0.01206053611028258
Social Sciences,TV,5,0.00021613863996922187
Social Sciences,TW,9363,0.4047412172063648
Social Sciences,TZ,1497,0.06471190880678503
Social Sciences,UA,1007,0.04353032208980128
Social Sciences,UG,1740,0.07521624670928921
Social Sciences,US,833451,36.028193124197585
Social Sciences,UY,1001,0.043270955721838214
Social Sciences,UZ,188,0.008126812862842742
Social Sciences,VA,6,0.0002593663679630662
Social Sciences,VC,1,4.322772799384437e-05
Social Sciences,VE,460,0.019884754877168412
Social Sciences,VG,12,0.0005187327359261324
Social Sciences,VI,19,0.0008213268318830431
Social Sciences,VN,1863,0.08053325725253206
Social Sciences,VU,18,0.0007780991038891987
Social Sciences,WS,33,0.0014265150237968644
Social Sciences,XK,155,0.006700297839045877
Social Sciences,YE,73,0.0031556241435506394
Social Sciences,YT,1,4.322772799384437e-05
Social Sciences,ZA,19161,0.828286496090052
Social Sciences,ZM,466,0.02014412124513148
Social Sciences,ZW,888,0.0383862224585338
