policy_source_id,policy_source_title,citation_rows,policy_documents
kihasakr,Korea Institute for Health and Social Affairs,64140,3589
stepikr,Science and Technology Policy Institute,28609,2153
kicjkr,Korean Institute of Criminology and Justice,28127,1636
kipakr,Korea Institute of Public Administration,24008,1669
kietkr,Korea Institute for Industrial Economics & Trade,23046,2139
keikr,Korea Environment Institute,21378,1647
krihskr,Korea Research Institute for Human Settlements,19426,2114
kinukr,Korea Institute for National Unification,18264,1433
kdi,Korea Development Institute,17794,1220
klikr,Korea Labour Institute,16129,1044
krivetkr,Korea Research Institute for Vocational Education and Training,15368,1432
kisdikr,Korea Information Society Development Institute,12379,948
kmikr,Korea Maritime Institute,12223,1084
kwdikr,Korea Women's Development Institute,12187,1109
kiccekr,Korea Institute of Child Care and Education,11682,948
keeikr,Korea Energy Economics Institute,11467,1080
nypikr,National Youth Policy Institute,11021,813
kipfkr,Korea Institute of Public Finance,10545,1156
bankofkorea,Bank of Korea,10521,1046
kicekr,Korea Institute for Curriculum and Evaluation,8596,1073
kreikr,Korea Rural Economic Institute,8414,1011
kedikr,Korean Educational Development Institute,5571,490
kcdc,Korea Centers for Disease Control and Prevention,5151,1404
kotikr,Korea Transport Institute,4478,759
ietskr,"Korea University Institute for Economy, Technology, and Security",4097,203
kiep,Korea Institute for International Economic Policy,4003,306
klrikr,Korea Legislation Research Institute,2603,612
sprikr,Software Policy & Research Institute,1699,216
aurikr,Architecture and Urban Research Institute,1434,195
kistepkr,Korea Institute of Science and Technology Evaluation and Planning (KISTEP),1078,335
governmentofsouthkorea,Government of South Korea,731,82
provinceofgyeonggikr,Gyeonggi Provincial Government,484,82
gggikr,Global Green Growth Institute (GGGI),331,24
provinceofgyeongbukkr,Gyeongsangbuk-do Provincial Government,266,26
ojerikr,OJEong Resilience Institute (OJERI),235,33
narskr,National Assembly Research Service,229,130
ifans,Institute of Foreign Affairs and National Security,99,8
cityofdaegukr,Daegu Metropolitan City,98,25
provinceofchungnamkr,Chungcheongnam-do Provincial Government,97,25
cityofbusankr,Busan Metropolitan City,67,9
cityofseoul,Seoul Metropolitan Government,59,13
kuhrdkr,Korea University Research Institute for HRD Policy,30,6
iiuskr,Institute for Interdisciplinary Unification Studies (IIUS),7,2
cfekorea,Centre for Free Enterprise,7,5
provinceofgangwonkr,Gangwon State Government,1,1
