research_country,citation_rows
US,140288
Unassigned,109309
GB,33220
CA,12697
DE,12280
KR,12034
AU,10522
NL,9749
FR,7607
CN,6821
IT,5852
SE,4883
ES,4670
JP,4048
CH,3661
BE,3131
NO,2686
DK,2400
IL,2358
FI,2349
HK,1998
AT,1985
IN,1954
TW,1763
NZ,1538
SG,1469
IE,1345
RU,1088
BR,1007
PT,1002
GR,971
TR,852
PL,749
ZA,578
MY,521
IR,504
ID,447
CZ,422
MX,380
CL,330
SI,326
HU,323
TH,318
VN,256
KE,255
PH,248
AR,238
SA,230
BD,215
CY,207
PK,200
EE,168
ET,165
CO,152
RO,151
NG,137
LV,134
LU,134
AE,130
BG,130
HR,128
EG,123
SK,108
MA,97
IS,92
GH,91
RS,84
LT,79
UA,68
CM,68
JO,64
MO,63
LK,59
MK,56
KZ,55
QA,54
TN,53
MT,52
PE,52
TZ,51
NP,51
KW,50
LB,49
BA,45
EC,42
PR,37
AZ,37
OM,36
UG,36
DZ,35
CR,29
BN,29
PS,29
KH,28
AM,28
UY,27
SS,27
MN,24
TT,23
UZ,23
JM,23
IQ,21
ZM,20
AL,17
CU,16
MU,16
VE,15
MW,15
ZW,14
BO,13
FJ,13
DO,10
BF,10
MM,10
PG,9
ME,8
BW,8
PA,8
CI,8
BY,7
GU,7
AF,6
BH,6
LY,6
SN,6
SD,6
NA,5
BB,5
BZ,5
LI,5
SL,4
NI,4
BJ,4
BI,4
YE,4
KP,4
MC,3
MG,3
LA,3
PY,3
GP,3
TD,3
SM,3
CV,3
WS,3
GL,3
SY,2
MD,2
CD,2
MV,2
GE,2
TO,2
NE,2
CG,2
BS,2
GT,2
TJ,2
SO,2
LR,2
ML,2
CW,2
MZ,2
RW,2
XK,1
SB,1
GY,1
KG,1
NU,1
SR,1
