source_slug,baseline_citations,baseline_policy_documents,policy_source_title,latest_citations,latest_policy_documents,in_both
kdi,26837.0,1646,Korea Development Institute,17794,1220,true
kiep,3965.0,304,Korea Institute for International Economic Policy,4003,306,true
kcdc,1440.0,527,Korea Centers for Disease Control and Prevention,5151,1404,true
bankofkorea,283.0,67,Bank of Korea,10521,1046,true
narskr,217.0,126,National Assembly Research Service,229,130,true
governmentofsouthkorea,116.0,38,Government of South Korea,731,82,true
cityofseoul,59.0,10,Seoul Metropolitan Government,59,13,true
cfekorea,9.0,6,Centre for Free Enterprise,7,5,true
ifans,9.0,2,Institute of Foreign Affairs and National Security,99,8,true
