variant,country,expected_share_pct
known_fractional_domain,US,35.09242053643516
known_fractional_domain,GB,10.888912213784053
known_fractional_domain,AU,5.051331312984799
known_fractional_domain,CA,4.963833563802318
known_fractional_domain,DE,4.442507659929187
known_fractional_domain,ES,2.852030600605134
known_fractional_domain,NL,2.806950612546758
known_fractional_domain,FR,2.6692616927842407
known_fractional_domain,IT,2.257271594877629
known_fractional_domain,CN,2.2252397872755876
known_fractional_domain,SE,1.8401163355074939
known_fractional_domain,BR,1.7109928740474276
known_fractional_domain,JP,1.5680965214385354
known_fractional_domain,CH,1.3087085406274095
known_fractional_domain,NO,1.2271698561847082
known_fractional_domain,IN,1.1615117302817697
known_fractional_domain,BE,1.0923364629216605
known_fractional_domain,DK,0.9760219191698977
known_fractional_domain,FI,0.9696953536270505
known_fractional_domain,ZA,0.7952753639927547
known_fractional_domain,NZ,0.7482208666454289
known_fractional_domain,KR,0.7219718083245266
known_fractional_domain,IL,0.6644260346943899
known_fractional_domain,IE,0.6291446344371868
known_fractional_domain,TR,0.6154767686411613
known_fractional_domain,AT,0.6088600404244227
known_fractional_domain,PT,0.49386817221709683
known_fractional_domain,HK,0.46805601904712996
known_fractional_domain,TW,0.44857322333793864
known_fractional_domain,MX,0.41015579116403
known_fractional_domain,GR,0.4048317407448122
known_fractional_domain,PL,0.40452186287205183
known_fractional_domain,ID,0.38458655691520793
known_fractional_domain,CL,0.3822164818406817
known_fractional_domain,RU,0.3774734099820819
known_fractional_domain,SG,0.35408593347095035
known_fractional_domain,IR,0.31753457544819585
known_fractional_domain,AR,0.30216864266824134
known_fractional_domain,CO,0.2902497363418271
known_fractional_domain,MY,0.2849832552130776
known_fractional_domain,CZ,0.2650598278966527
known_fractional_domain,NG,0.2345353656866107
known_fractional_domain,TH,0.18919357359519884
known_fractional_domain,KE,0.1630178327144786
known_fractional_domain,HU,0.1597169199173621
known_fractional_domain,PK,0.1596226704129612
known_fractional_domain,EG,0.14388401454816963
known_fractional_domain,BD,0.13701671380183308
known_fractional_domain,SA,0.13062378159792942
known_fractional_domain,ET,0.12635224950340598
known_fractional_domain,GH,0.12305430761402422
known_fractional_domain,SI,0.11590711143893687
known_fractional_domain,RO,0.1047149074348424
known_fractional_domain,PE,0.1027820340527607
known_fractional_domain,HR,0.09809868892938067
known_fractional_domain,PH,0.0968487368398905
known_fractional_domain,EE,0.08667127411448373
known_fractional_domain,AE,0.07767472325870564
known_fractional_domain,VN,0.07731996508666125
known_fractional_domain,UG,0.07579032933134852
known_fractional_domain,CY,0.0695276009823219
known_fractional_domain,SK,0.06800585537547892
known_fractional_domain,RS,0.06786327125317546
known_fractional_domain,TZ,0.06764197087514064
known_fractional_domain,LB,0.06334016414608692
known_fractional_domain,LK,0.06086145648998572
known_fractional_domain,LT,0.05602423589014409
known_fractional_domain,QA,0.05468307005011172
known_fractional_domain,IS,0.05346704815649517
known_fractional_domain,EC,0.053357276713404005
known_fractional_domain,JO,0.05303488299203679
known_fractional_domain,BG,0.052676712114334334
known_fractional_domain,LV,0.05112538547227487
known_fractional_domain,LU,0.0507749101283495
known_fractional_domain,NP,0.04857628292140375
known_fractional_domain,TN,0.04537867347061129
known_fractional_domain,MA,0.044825522003527574
known_fractional_domain,CR,0.04429723092900704
known_fractional_domain,UA,0.04386538673562506
known_fractional_domain,UY,0.04265543954224185
known_fractional_domain,CM,0.04121356729612483
known_fractional_domain,ZW,0.03581492179694852
known_fractional_domain,KW,0.03242378563811913
known_fractional_domain,DZ,0.027588652532429127
known_fractional_domain,KZ,0.026346159410348607
known_fractional_domain,PR,0.02531672918614431
known_fractional_domain,BO,0.02383880092470964
known_fractional_domain,MW,0.02360047475530584
known_fractional_domain,VE,0.023527285995568303
known_fractional_domain,BW,0.02338018726889882
known_fractional_domain,CU,0.021975375958731704
known_fractional_domain,OM,0.021740238113383038
known_fractional_domain,MT,0.021440435488549556
known_fractional_domain,ZM,0.020180909659253166
known_fractional_domain,PY,0.020070502794715252
known_fractional_domain,MO,0.0198431275475447
known_fractional_domain,CI,0.019732538614208598
known_fractional_domain,JM,0.019322774152766696
known_fractional_domain,IQ,0.018820866115847493
known_fractional_domain,FJ,0.01623863470353479
known_fractional_domain,BJ,0.015873283963592666
known_fractional_domain,BF,0.01479191111326285
known_fractional_domain,MK,0.014731421879126882
known_fractional_domain,PS,0.01457508562273519
known_fractional_domain,SN,0.014359573547909229
known_fractional_domain,RW,0.013993638693911667
known_fractional_domain,KH,0.013750303232710348
known_fractional_domain,MD,0.013272008306351975
known_fractional_domain,AM,0.01310765397961693
known_fractional_domain,BA,0.013061243627875458
known_fractional_domain,SD,0.01303908654871697
known_fractional_domain,PA,0.012678277888829387
known_fractional_domain,MZ,0.01194881404479406
known_fractional_domain,TT,0.011622241392586915
known_fractional_domain,AZ,0.011126963056118369
known_fractional_domain,BH,0.0110561782443359
known_fractional_domain,AL,0.01096795985714963
known_fractional_domain,BN,0.010309128310160608
known_fractional_domain,GT,0.010147627672879475
known_fractional_domain,SS,0.009720512374556236
known_fractional_domain,CD,0.009226304520991381
known_fractional_domain,GE,0.009024176389448881
known_fractional_domain,CG,0.008814546501321427
known_fractional_domain,BY,0.008729197854701215
known_fractional_domain,BB,0.00841753658616475
known_fractional_domain,MN,0.008410448924160378
known_fractional_domain,PG,0.008068595706701336
known_fractional_domain,MU,0.007660335689572426
known_fractional_domain,NA,0.007629340489722657
known_fractional_domain,UZ,0.007332125675164267
known_fractional_domain,NI,0.007237841199125969
known_fractional_domain,MM,0.0071812885256350165
known_fractional_domain,SY,0.007123656249652456
known_fractional_domain,DO,0.007025232808162563
known_fractional_domain,SV,0.006785743142144994
known_fractional_domain,ML,0.00676087674760324
known_fractional_domain,XK,0.005604405718942743
known_fractional_domain,GM,0.00560193534234776
known_fractional_domain,AF,0.005310581032206608
known_fractional_domain,BI,0.005244447305022715
known_fractional_domain,LA,0.005131049344000105
known_fractional_domain,NE,0.004831925561226297
known_fractional_domain,ME,0.004779069455661157
known_fractional_domain,MG,0.004610759040461855
known_fractional_domain,KG,0.0044036712178075555
known_fractional_domain,GW,0.004157695489239546
known_fractional_domain,HN,0.003982586770813189
known_fractional_domain,GL,0.003975914317960557
known_fractional_domain,SL,0.003930216541383431
known_fractional_domain,ST,0.003780573868468097
known_fractional_domain,TG,0.003776901883000244
known_fractional_domain,LY,0.003776477577805398
known_fractional_domain,RE,0.0037362620650480023
known_fractional_domain,NC,0.003612923027526992
known_fractional_domain,LS,0.0035195937374371093
known_fractional_domain,BT,0.003443435804735174
known_fractional_domain,YE,0.003379630061246533
known_fractional_domain,GU,0.0032993822920858104
known_fractional_domain,MV,0.003279601824376616
known_fractional_domain,PF,0.003241959336836919
known_fractional_domain,BS,0.0031294215735571105
known_fractional_domain,SO,0.0029280632845659358
known_fractional_domain,GP,0.00289383772468007
known_fractional_domain,GF,0.0028740636822200062
known_fractional_domain,GA,0.0027041718524684053
known_fractional_domain,MC,0.002630278301478434
known_fractional_domain,LI,0.0026039679639657982
known_fractional_domain,SZ,0.0025627340466910426
known_fractional_domain,BZ,0.001956318518803531
known_fractional_domain,AO,0.0019382936838328558
known_fractional_domain,LR,0.0019379872776860998
known_fractional_domain,CW,0.0017526743110412538
known_fractional_domain,FO,0.001716480064863559
known_fractional_domain,GD,0.0017078050332034243
known_fractional_domain,HT,0.0015300466128000405
known_fractional_domain,GI,0.001488840556221801
known_fractional_domain,TJ,0.0014887899969327474
known_fractional_domain,BM,0.001437627166260233
known_fractional_domain,GY,0.0013162209790211325
known_fractional_domain,AS,0.0012685819644109606
known_fractional_domain,ER,0.0012559243452769451
known_fractional_domain,WS,0.0012382877563282364
known_fractional_domain,VI,0.0011852781160417
known_fractional_domain,FK,0.0010713528963551637
known_fractional_domain,TD,0.0010628332653202927
known_fractional_domain,JE,0.0010542857646194817
known_fractional_domain,VG,0.0010532778825885786
known_fractional_domain,IM,0.0010517694350772508
known_fractional_domain,AG,0.0010449039027066408
known_fractional_domain,GN,0.0010351037953382845
known_fractional_domain,MQ,0.0009596955638181293
known_fractional_domain,SC,0.0009425639364655204
known_fractional_domain,SR,0.0008862340123625986
known_fractional_domain,KY,0.0008674921225192056
known_fractional_domain,FM,0.0007466092053669873
known_fractional_domain,VU,0.0007089688565643234
known_fractional_domain,KN,0.0007086008755212241
known_fractional_domain,CF,0.0006939440665250616
known_fractional_domain,MR,0.0006057791353956629
known_fractional_domain,PW,0.0005162304555656864
known_fractional_domain,CV,0.0004815515752349786
known_fractional_domain,SJ,0.0004760278909165952
known_fractional_domain,SM,0.00046416410102466756
known_fractional_domain,DJ,0.00042020371039332355
known_fractional_domain,TL,0.00041083617433953216
known_fractional_domain,TO,0.00040911942690854676
known_fractional_domain,MP,0.0003826468560857983
known_fractional_domain,AW,0.0003538618745081446
known_fractional_domain,AD,0.00030822058639286797
known_fractional_domain,SB,0.0002949468417237742
known_fractional_domain,LC,0.0002877813344694598
known_fractional_domain,DM,0.00027636375438783
known_fractional_domain,VA,0.00021835761179975297
known_fractional_domain,KP,0.0002137543174020582
known_fractional_domain,SX,0.00017782175354361657
known_fractional_domain,TV,0.00017775686839551343
known_fractional_domain,MS,0.00016156861542904037
known_fractional_domain,TM,0.0001599077906593949
known_fractional_domain,AX,0.00011341207463172085
known_fractional_domain,GQ,9.477306463443669e-05
known_fractional_domain,TC,5.9490626383810775e-05
known_fractional_domain,YT,4.454602058792803e-05
known_fractional_domain,KI,3.892091979068736e-05
known_fractional_domain,NU,3.707371768998666e-05
known_fractional_domain,VC,3.693430053350816e-05
known_full_domain,US,34.89802402595122
known_full_domain,GB,10.695722431304294
known_full_domain,AU,5.001276076849432
known_full_domain,CA,4.958542436753761
known_full_domain,DE,4.444159967946523
known_full_domain,ES,2.8599671425165796
known_full_domain,NL,2.7822817764476975
known_full_domain,FR,2.710539208580561
known_full_domain,CN,2.3374009983125834
known_full_domain,IT,2.3265702732790503
known_full_domain,SE,1.8428588679464577
known_full_domain,BR,1.7476823336766791
known_full_domain,JP,1.7034597253207124
known_full_domain,CH,1.3111994661395172
known_full_domain,NO,1.213677083739643
known_full_domain,IN,1.2126806057247177
known_full_domain,BE,1.0891524543474709
known_full_domain,DK,0.9883362849681193
known_full_domain,FI,0.9714884543763082
known_full_domain,ZA,0.7864956519355472
known_full_domain,NZ,0.7488000858497896
known_full_domain,KR,0.7481781428042981
known_full_domain,IL,0.6592244689188471
known_full_domain,TR,0.6198755056766145
known_full_domain,IE,0.6180668934253383
known_full_domain,AT,0.6095776906793847
known_full_domain,PT,0.49943785802281604
known_full_domain,TW,0.45922265008173924
known_full_domain,HK,0.45651744078420203
known_full_domain,PL,0.41391309615007915
known_full_domain,GR,0.4131815950309617
known_full_domain,MX,0.40759032963167374
known_full_domain,RU,0.3724180611040869
known_full_domain,CL,0.3686710955505214
known_full_domain,ID,0.3669217617619575
known_full_domain,SG,0.34773451953080764
known_full_domain,IR,0.3313610344316057
known_full_domain,AR,0.3045076993286462
known_full_domain,MY,0.282338442346929
known_full_domain,CO,0.2802309342303651
known_full_domain,CZ,0.27145830784132047
known_full_domain,NG,0.23410036844383042
known_full_domain,TH,0.197277569771874
known_full_domain,KE,0.16604543007412337
known_full_domain,HU,0.16137902303852897
known_full_domain,PK,0.15937287078358817
known_full_domain,EG,0.15432910580690404
known_full_domain,BD,0.13635999686811523
known_full_domain,SA,0.13554547880363566
known_full_domain,ET,0.1297378463669951
known_full_domain,GH,0.12000938960874169
known_full_domain,SI,0.11441417437561821
known_full_domain,RO,0.10381344400354432
known_full_domain,PE,0.10002991365642656
known_full_domain,HR,0.09828255121855584
known_full_domain,PH,0.09601649009857437
known_full_domain,EE,0.08522072587110185
known_full_domain,UG,0.07667923922894458
known_full_domain,VN,0.07648703599541709
known_full_domain,AE,0.07600120451951957
known_full_domain,RS,0.06975065052928343
known_full_domain,SK,0.0695467735641838
known_full_domain,TZ,0.06858232178217603
known_full_domain,CY,0.0668298942118915
known_full_domain,LB,0.06256004444563017
known_full_domain,LK,0.061832402156508856
known_full_domain,QA,0.05483490950925211
known_full_domain,LT,0.05470558578291463
known_full_domain,BG,0.05350023368881413
known_full_domain,IS,0.05349780002202014
known_full_domain,JO,0.05324474991107461
known_full_domain,EC,0.05182940756550472
known_full_domain,LV,0.048958287859835595
known_full_domain,NP,0.04852434259282272
known_full_domain,LU,0.048200217642225686
known_full_domain,TN,0.047020394296684746
known_full_domain,MA,0.04645078498747457
known_full_domain,UA,0.04353807743322753
known_full_domain,CR,0.0433697190010992
known_full_domain,UY,0.04248089822003
known_full_domain,CM,0.0413715084924509
known_full_domain,ZW,0.03530468858616386
known_full_domain,KW,0.03366081662765177
known_full_domain,DZ,0.028036501989455623
known_full_domain,PR,0.02580226704579945
known_full_domain,KZ,0.025370549821301012
known_full_domain,VE,0.024298556760890887
known_full_domain,MW,0.023601660581285606
known_full_domain,BW,0.022682472807613943
known_full_domain,BO,0.022666025381287678
known_full_domain,CU,0.022336319114327968
known_full_domain,OM,0.02188277001315634
known_full_domain,MT,0.020487080804278187
known_full_domain,PY,0.0203483712095767
known_full_domain,ZM,0.020291094292942364
known_full_domain,CI,0.019660370468058692
known_full_domain,IQ,0.019336065209807556
known_full_domain,JM,0.019152599179249906
known_full_domain,MO,0.018833916883946793
known_full_domain,BJ,0.015967249450127962
known_full_domain,FJ,0.015615036474417603
known_full_domain,BF,0.015407029497854427
known_full_domain,SN,0.01461667081364305
known_full_domain,PS,0.01418954694807694
known_full_domain,MK,0.01418662737199143
known_full_domain,RW,0.013860396042550356
known_full_domain,KH,0.013745856104346057
known_full_domain,SD,0.013678601691818164
known_full_domain,MD,0.013637784650150501
known_full_domain,PA,0.013431868060621709
known_full_domain,AM,0.013424444859758508
known_full_domain,BA,0.012861538246319465
known_full_domain,MZ,0.012095815946618998
known_full_domain,TT,0.01151418853937536
known_full_domain,BH,0.010955790726806929
known_full_domain,AZ,0.010615447067212364
known_full_domain,AL,0.010502498434175158
known_full_domain,GT,0.010247430240610863
known_full_domain,BN,0.009856661287550441
known_full_domain,CD,0.009413832875919972
known_full_domain,SS,0.009215918693830033
known_full_domain,BY,0.009025301866849328
known_full_domain,GE,0.008831321869096883
known_full_domain,CG,0.008696213944353253
known_full_domain,PG,0.008232385442553548
known_full_domain,MN,0.008190045605354414
known_full_domain,BB,0.008176844168847914
known_full_domain,SY,0.007600796082353523
known_full_domain,NA,0.007573235019245754
known_full_domain,MU,0.007529965423378067
known_full_domain,MM,0.007370399107253816
known_full_domain,UZ,0.007118033668607781
known_full_domain,NI,0.007072663664702301
known_full_domain,ML,0.007058819867861998
known_full_domain,DO,0.006693523982866867
known_full_domain,SV,0.0064582957100825815
known_full_domain,GM,0.006182561252359644
known_full_domain,XK,0.005369478721354294
known_full_domain,LA,0.005227692991345326
known_full_domain,BI,0.005150868919141028
known_full_domain,AF,0.0050838028041352715
known_full_domain,NE,0.004990210255406125
known_full_domain,MG,0.0048090863955769425
known_full_domain,ME,0.004671895898763297
known_full_domain,GW,0.004197092233005325
known_full_domain,KG,0.004179697195733255
known_full_domain,GL,0.00416124844452975
known_full_domain,SL,0.003939206879289705
known_full_domain,HN,0.003938918559751807
known_full_domain,LY,0.003916419195294761
known_full_domain,NC,0.0038007181719592964
known_full_domain,RE,0.0037947949376539868
known_full_domain,TG,0.003747249962061871
known_full_domain,ST,0.003674624865702235
known_full_domain,YE,0.003449050608326651
known_full_domain,BT,0.003423586024017598
known_full_domain,MV,0.0034190399923311973
known_full_domain,PF,0.0033736530500847696
known_full_domain,GU,0.003334789780146295
known_full_domain,LS,0.0032911784515841733
known_full_domain,GF,0.003171176886324213
known_full_domain,GP,0.003039165999610626
known_full_domain,BS,0.0030142348497781994
known_full_domain,GA,0.002855515189253473
known_full_domain,MC,0.0028260867096058053
known_full_domain,SO,0.002818145411612904
known_full_domain,SZ,0.0025089265696574574
known_full_domain,LI,0.0024482195434079902
known_full_domain,BZ,0.0020082219465310095
known_full_domain,LR,0.0019016530457168965
known_full_domain,AO,0.0018895407716055278
known_full_domain,CW,0.0018794847462420023
known_full_domain,FO,0.0018305371159234194
known_full_domain,GD,0.001803548476575146
known_full_domain,BM,0.001538680978216592
known_full_domain,GI,0.001492372974114651
known_full_domain,HT,0.001486700138187892
known_full_domain,TJ,0.0014567768741862955
known_full_domain,GY,0.0013032173180320332
known_full_domain,AS,0.0012727563798223503
known_full_domain,ER,0.001260033323662807
known_full_domain,VI,0.0012389849569773726
known_full_domain,FK,0.0012121186329658432
known_full_domain,WS,0.0011964729399142238
known_full_domain,VG,0.001126182476064918
known_full_domain,IM,0.0011232972290124233
known_full_domain,JE,0.001071598158307209
known_full_domain,AG,0.0010623846905197566
known_full_domain,GN,0.0010488784082347987
known_full_domain,MQ,0.0010485432195349287
known_full_domain,TD,0.0010412901771442273
known_full_domain,SC,0.0009973452378838862
known_full_domain,SR,0.0009031076983806057
known_full_domain,KY,0.0008298889429743818
known_full_domain,KN,0.0007772273063213496
known_full_domain,CF,0.0007677820343382091
known_full_domain,FM,0.0007357457802068109
known_full_domain,VU,0.0006945650516036987
known_full_domain,MR,0.000630297180201543
known_full_domain,PW,0.0005463734101470505
known_full_domain,SJ,0.0005357897333844845
known_full_domain,CV,0.0004790504468772293
known_full_domain,SM,0.0004755608392659109
known_full_domain,DJ,0.00043093586993411885
known_full_domain,TL,0.00040028696076236856
known_full_domain,TO,0.00038655797048383066
known_full_domain,MP,0.00038411342813311777
known_full_domain,AW,0.0003364372581201568
known_full_domain,AD,0.00031547447075686556
known_full_domain,SB,0.0002909660725570174
known_full_domain,LC,0.00028314712506012494
known_full_domain,DM,0.00027153886942322334
known_full_domain,KP,0.00021896298485771004
known_full_domain,VA,0.00020867823530785202
known_full_domain,SX,0.00018216345347137598
known_full_domain,TV,0.00016800279492731857
known_full_domain,MS,0.00016510170381471727
known_full_domain,TM,0.00015618557901847716
known_full_domain,AX,0.00012150029182521377
known_full_domain,GQ,9.726022320912202e-05
known_full_domain,TC,6.0851380824294006e-05
known_full_domain,YT,4.3716011210576175e-05
known_full_domain,KI,3.8700675904904215e-05
known_full_domain,VC,3.597717411930845e-05
known_full_domain,NU,3.5148326403717256e-05
legacy_all_full_domain,US,34.974658166638115
legacy_all_full_domain,GB,10.772564644847181
legacy_all_full_domain,AU,5.020808564372798
legacy_all_full_domain,CA,4.959500305131376
legacy_all_full_domain,DE,4.443142923170899
legacy_all_full_domain,ES,2.856748183479958
legacy_all_full_domain,NL,2.792365276064279
legacy_all_full_domain,FR,2.694763857635269
legacy_all_full_domain,IT,2.3001451449695223
legacy_all_full_domain,CN,2.292156944811356
legacy_all_full_domain,SE,1.8416405574242338
legacy_all_full_domain,BR,1.7338534104732743
legacy_all_full_domain,JP,1.6511464459336835
legacy_all_full_domain,CH,1.310137494324911
legacy_all_full_domain,NO,1.2184030390838585
legacy_all_full_domain,IN,1.1925926455040048
legacy_all_full_domain,BE,1.09047014921342
legacy_all_full_domain,DK,0.9836004314911354
legacy_all_full_domain,FI,0.9706697195268877
legacy_all_full_domain,ZA,0.7897915160527662
legacy_all_full_domain,NZ,0.748277608525136
legacy_all_full_domain,KR,0.7380563814430438
legacy_all_full_domain,IL,0.661510952742554
legacy_all_full_domain,IE,0.622480044957048
legacy_all_full_domain,TR,0.6184015098044211
legacy_all_full_domain,AT,0.6091817859864137
legacy_all_full_domain,PT,0.4970859542906108
legacy_all_full_domain,HK,0.46093645448263404
legacy_all_full_domain,TW,0.4551285453772315
legacy_all_full_domain,PL,0.4101446237328673
legacy_all_full_domain,GR,0.40977877963182024
legacy_all_full_domain,MX,0.40857152861640633
legacy_all_full_domain,RU,0.3740806390895308
legacy_all_full_domain,CL,0.37382299095322674
legacy_all_full_domain,ID,0.37361041339545614
legacy_all_full_domain,SG,0.35013769812781415
legacy_all_full_domain,IR,0.3261160315680336
legacy_all_full_domain,AR,0.30355163437669297
legacy_all_full_domain,CO,0.2841239106638471
legacy_all_full_domain,MY,0.28324610169699715
legacy_all_full_domain,CZ,0.26890402072254876
legacy_all_full_domain,NG,0.23437267070456191
legacy_all_full_domain,TH,0.1942708204301399
legacy_all_full_domain,KE,0.1650110460791436
legacy_all_full_domain,HU,0.16076206393331732
legacy_all_full_domain,PK,0.15948613366056308
legacy_all_full_domain,EG,0.15035586858822664
legacy_all_full_domain,BD,0.13662273841391614
legacy_all_full_domain,SA,0.133649920072591
legacy_all_full_domain,ET,0.1285184653178184
legacy_all_full_domain,GH,0.12118740328467853
legacy_all_full_domain,SI,0.11496620295524274
legacy_all_full_domain,RO,0.10409383681296369
legacy_all_full_domain,PE,0.10111497829362631
legacy_all_full_domain,HR,0.09817415054480054
legacy_all_full_domain,PH,0.09634967495669675
legacy_all_full_domain,EE,0.08572479901796955
legacy_all_full_domain,VN,0.07680361874278366
legacy_all_full_domain,AE,0.07661997661791857
legacy_all_full_domain,UG,0.07640982144905226
legacy_all_full_domain,RS,0.06903418975404516
legacy_all_full_domain,SK,0.0689110672904127
legacy_all_full_domain,TZ,0.06825122725064989
legacy_all_full_domain,CY,0.06784215855639358
legacy_all_full_domain,LB,0.06288168920082941
legacy_all_full_domain,LK,0.06144956500321641
legacy_all_full_domain,LT,0.0551924978971093
legacy_all_full_domain,QA,0.054787760325158474
legacy_all_full_domain,IS,0.05345942645582786
legacy_all_full_domain,BG,0.05316967362646142
legacy_all_full_domain,JO,0.05316123617311952
legacy_all_full_domain,EC,0.05239707002034448
legacy_all_full_domain,LV,0.04977770045366733
legacy_all_full_domain,LU,0.04918966357493634
legacy_all_full_domain,NP,0.04855580748081115
legacy_all_full_domain,TN,0.046384190215449705
legacy_all_full_domain,MA,0.04582300155044197
legacy_all_full_domain,CR,0.043728126686816096
legacy_all_full_domain,UA,0.04362818075716744
legacy_all_full_domain,UY,0.04255100750051361
legacy_all_full_domain,CM,0.04133709013198117
legacy_all_full_domain,ZW,0.03551317839383089
legacy_all_full_domain,KW,0.03315069296226538
legacy_all_full_domain,DZ,0.02783321235635523
legacy_all_full_domain,KZ,0.02573922180515128
legacy_all_full_domain,PR,0.025600637853204614
legacy_all_full_domain,VE,0.023998209631843657
legacy_all_full_domain,MW,0.023612979699317402
legacy_all_full_domain,BO,0.023120525725044028
legacy_all_full_domain,BW,0.022950585175926325
legacy_all_full_domain,CU,0.02220781442758682
legacy_all_full_domain,OM,0.02182692303334547
legacy_all_full_domain,MT,0.020854284774944335
legacy_all_full_domain,ZM,0.020259084007397326
legacy_all_full_domain,PY,0.020239566786204945
legacy_all_full_domain,CI,0.019705032477505754
legacy_all_full_domain,MO,0.01922814007714112
legacy_all_full_domain,JM,0.01922354534258631
legacy_all_full_domain,IQ,0.019127742763286125
legacy_all_full_domain,BJ,0.01594907243452583
legacy_all_full_domain,FJ,0.015847828280746587
legacy_all_full_domain,BF,0.015188206921103209
legacy_all_full_domain,SN,0.01452461384694843
legacy_all_full_domain,MK,0.014393921856958902
legacy_all_full_domain,PS,0.014337870949596994
legacy_all_full_domain,RW,0.013918169658817776
legacy_all_full_domain,KH,0.013753736771078488
legacy_all_full_domain,MD,0.013477360658210258
legacy_all_full_domain,SD,0.013447296787027292
legacy_all_full_domain,AM,0.013297440223457527
legacy_all_full_domain,PA,0.013131525272907521
legacy_all_full_domain,BA,0.01294300665401927
legacy_all_full_domain,MZ,0.012044976957995557
legacy_all_full_domain,TT,0.011556498068810843
legacy_all_full_domain,BH,0.010996002721748475
legacy_all_full_domain,AZ,0.01081041384198281
legacy_all_full_domain,AL,0.010682772005484533
legacy_all_full_domain,GT,0.010218016335945745
legacy_all_full_domain,BN,0.010026286457330176
legacy_all_full_domain,SS,0.009412563001627223
legacy_all_full_domain,CD,0.00934784030809629
legacy_all_full_domain,BY,0.00890857014814405
legacy_all_full_domain,GE,0.008907916093569682
legacy_all_full_domain,CG,0.008744227107355044
legacy_all_full_domain,MN,0.00827449730532689
legacy_all_full_domain,BB,0.008266787487009907
legacy_all_full_domain,PG,0.008174443876394369
legacy_all_full_domain,NA,0.007589695276659878
legacy_all_full_domain,MU,0.007575087950643719
legacy_all_full_domain,SY,0.00742585541798518
legacy_all_full_domain,MM,0.007303974870502189
legacy_all_full_domain,UZ,0.007198913699054234
legacy_all_full_domain,NI,0.007139234959056053
legacy_all_full_domain,ML,0.006954846909569906
legacy_all_full_domain,DO,0.006821881176346846
legacy_all_full_domain,SV,0.006586571155646725
legacy_all_full_domain,GM,0.0059739007449166786
legacy_all_full_domain,XK,0.005461654538626867
legacy_all_full_domain,LA,0.0051947570223498385
legacy_all_full_domain,BI,0.005189248767293044
legacy_all_full_domain,AF,0.005173360241195967
legacy_all_full_domain,NE,0.004934405874672193
legacy_all_full_domain,MG,0.0047350887195376805
legacy_all_full_domain,ME,0.004710125806402938
legacy_all_full_domain,KG,0.0042658776997145115
legacy_all_full_domain,GW,0.0041857425308295905
legacy_all_full_domain,GL,0.004079662010939998
legacy_all_full_domain,HN,0.003957730144000116
legacy_all_full_domain,SL,0.003938172597277358
legacy_all_full_domain,LY,0.003863188803159366
legacy_all_full_domain,RE,0.003771252869445225
legacy_all_full_domain,TG,0.0037609892576965557
legacy_all_full_domain,NC,0.0037216103317505036
legacy_all_full_domain,ST,0.003717626569181539
legacy_all_full_domain,BT,0.003430919741600062
legacy_all_full_domain,YE,0.0034236386552996246
legacy_all_full_domain,LS,0.0033802020835059987
legacy_all_full_domain,MV,0.0033645119513779995
legacy_all_full_domain,PF,0.0033207468384120445
legacy_all_full_domain,GU,0.003318340713956695
legacy_all_full_domain,GF,0.0030595807721843947
legacy_all_full_domain,BS,0.0030571370540520082
legacy_all_full_domain,GP,0.002986412647419485
legacy_all_full_domain,SO,0.002861699576748315
legacy_all_full_domain,GA,0.002800816651541018
legacy_all_full_domain,MC,0.0027415861178729465
legacy_all_full_domain,SZ,0.00252933460602854
legacy_all_full_domain,LI,0.0025073987954353934
legacy_all_full_domain,BZ,0.0019893670330278263
legacy_all_full_domain,LR,0.001916968922035954
legacy_all_full_domain,AO,0.0019084741127515402
legacy_all_full_domain,CW,0.001830410254571843
legacy_all_full_domain,FO,0.0017816687195540337
legacy_all_full_domain,GD,0.001768430026425274
legacy_all_full_domain,HT,0.001504514397658322
legacy_all_full_domain,BM,0.0014929845883005337
legacy_all_full_domain,GI,0.0014925684476696103
legacy_all_full_domain,TJ,0.001468616132998512
legacy_all_full_domain,GY,0.0013075662345753488
legacy_all_full_domain,AS,0.0012711198197148535
legacy_all_full_domain,ER,0.0012589235247929126
legacy_all_full_domain,VI,0.0012155789361930382
legacy_all_full_domain,WS,0.0012129338153036547
legacy_all_full_domain,FK,0.0011539016503272566
legacy_all_full_domain,VG,0.0010930985536954424
legacy_all_full_domain,IM,0.0010928490428862214
legacy_all_full_domain,JE,0.001063607745921957
legacy_all_full_domain,AG,0.00105697385685092
legacy_all_full_domain,TD,0.001050043643888481
legacy_all_full_domain,GN,0.001044897619249999
legacy_all_full_domain,MQ,0.00101589044756534
legacy_all_full_domain,SC,0.0009742786740401338
legacy_all_full_domain,SR,0.0008958391435662939
legacy_all_full_domain,KY,0.0008445659704233196
legacy_all_full_domain,KN,0.0007523506777315181
legacy_all_full_domain,CF,0.000740760410177556
legacy_all_full_domain,FM,0.0007396657154034626
legacy_all_full_domain,VU,0.000700321500762222
legacy_all_full_domain,MR,0.0006204712363006248
legacy_all_full_domain,PW,0.0005329604063555125
legacy_all_full_domain,SJ,0.0005098297360816348
legacy_all_full_domain,CV,0.0004797222535384225
legacy_all_full_domain,SM,0.0004705576039687279
legacy_all_full_domain,DJ,0.0004261994800519209
legacy_all_full_domain,TL,0.00040470747611472195
legacy_all_full_domain,TO,0.00039550011311400603
legacy_all_full_domain,MP,0.00038287685186854894
legacy_all_full_domain,AW,0.00034321847937677667
legacy_all_full_domain,AD,0.0003122680663110755
legacy_all_full_domain,SB,0.0002922796050982734
legacy_all_full_domain,LC,0.00028483982056065453
legacy_all_full_domain,DM,0.00027352074014841784
legacy_all_full_domain,KP,0.00021655064119469462
legacy_all_full_domain,VA,0.00021235718746954522
legacy_all_full_domain,SX,0.00018076002109121452
legacy_all_full_domain,TV,0.00017166582128627807
legacy_all_full_domain,MS,0.00016335796112835086
legacy_all_full_domain,TM,0.00015759102946961585
legacy_all_full_domain,AX,0.00011856097267890688
legacy_all_full_domain,GQ,9.636167638707032e-05
legacy_all_full_domain,TC,6.009448240381216e-05
legacy_all_full_domain,YT,4.392641078719551e-05
legacy_all_full_domain,KI,3.8857987316497124e-05
legacy_all_full_domain,VC,3.63803571790377e-05
legacy_all_full_domain,NU,3.584237497888718e-05
