variant,direction,domain,weight,total_weight,share_pct
citation_rows_fractional_domain,Korean policy → research,Health Sciences,42300.00000000012,417612.9999999964,10.128995026495938
citation_rows_fractional_domain,Korean policy → research,Life Sciences,14141.666666666615,417612.9999999964,3.3863090149652284
citation_rows_fractional_domain,Korean policy → research,Physical Sciences,63785.16666666587,417612.9999999964,15.273750258413033
citation_rows_fractional_domain,Korean policy → research,Social Sciences,297386.1666666638,417612.9999999964,71.21094570012579
citation_rows_fractional_domain,Policy → Korean research,Health Sciences,51202.16666666632,135867.99999999988,37.68522880050223
citation_rows_fractional_domain,Policy → Korean research,Life Sciences,18421.33333333316,135867.99999999988,13.558257524459899
citation_rows_fractional_domain,Policy → Korean research,Physical Sciences,32810.833333333576,135867.99999999988,24.149051530407164
citation_rows_fractional_domain,Policy → Korean research,Social Sciences,33433.66666666682,135867.99999999988,24.607462144630706
citation_rows_full_domain,Korean policy → research,Health Sciences,73099.0,550330.0,13.28275761815638
citation_rows_full_domain,Korean policy → research,Life Sciences,25822.0,550330.0,4.692093834608326
citation_rows_full_domain,Korean policy → research,Physical Sciences,98019.0,550330.0,17.81094979376011
citation_rows_full_domain,Korean policy → research,Social Sciences,353390.0,550330.0,64.21419875347519
citation_rows_full_domain,Policy → Korean research,Health Sciences,68523.0,190114.0,36.04311097551995
citation_rows_full_domain,Policy → Korean research,Life Sciences,31781.0,190114.0,16.716812018052327
citation_rows_full_domain,Policy → Korean research,Physical Sciences,45929.0,190114.0,24.158662697118572
citation_rows_full_domain,Policy → Korean research,Social Sciences,43881.0,190114.0,23.081414309309153
policy_documents_equal_weight,Korean policy → research,Health Sciences,3690.165909563042,35305.0000000001,10.452247300844162
policy_documents_equal_weight,Korean policy → research,Life Sciences,1590.693851291573,35305.0000000001,4.505576692512586
policy_documents_equal_weight,Korean policy → research,Physical Sciences,6149.699842618152,35305.0000000001,17.418778763965825
policy_documents_equal_weight,Korean policy → research,Social Sciences,23874.44039652733,35305.0000000001,67.62339724267741
policy_documents_equal_weight,Policy → Korean research,Health Sciences,19769.1808137095,69500.99999999985,28.444455207420816
policy_documents_equal_weight,Policy → Korean research,Life Sciences,8501.60952756118,69500.99999999985,12.23235568921483
policy_documents_equal_weight,Policy → Korean research,Physical Sciences,17119.905779293284,69500.99999999985,24.632603529867655
policy_documents_equal_weight,Policy → Korean research,Social Sciences,24110.303879435894,69500.99999999985,34.690585573496705
unique_works_full_domain,Korean policy → research,Health Sciences,25222.0,182196.0,13.843333552877121
unique_works_full_domain,Korean policy → research,Life Sciences,10683.0,182196.0,5.863465718237502
unique_works_full_domain,Korean policy → research,Physical Sciences,35495.0,182196.0,19.481766888405893
unique_works_full_domain,Korean policy → research,Social Sciences,110796.0,182196.0,60.81143384047948
unique_works_full_domain,Policy → Korean research,Health Sciences,34865.0,84283.0,41.36658638159534
unique_works_full_domain,Policy → Korean research,Life Sciences,16007.0,84283.0,18.99196753793766
unique_works_full_domain,Policy → Korean research,Physical Sciences,19281.0,84283.0,22.87649941269295
unique_works_full_domain,Policy → Korean research,Social Sciences,14130.0,84283.0,16.764946667774048
