country,expected_share_pct
US,35.09242053643516
GB,10.888912213784053
AU,5.051331312984799
CA,4.963833563802318
DE,4.442507659929187
ES,2.852030600605134
NL,2.806950612546758
FR,2.6692616927842407
IT,2.257271594877629
CN,2.2252397872755876
SE,1.8401163355074939
BR,1.7109928740474276
JP,1.5680965214385354
CH,1.3087085406274095
NO,1.2271698561847082
IN,1.1615117302817697
BE,1.0923364629216605
DK,0.9760219191698977
FI,0.9696953536270505
ZA,0.7952753639927547
NZ,0.7482208666454289
KR,0.7219718083245266
IL,0.6644260346943899
IE,0.6291446344371868
TR,0.6154767686411613
AT,0.6088600404244227
PT,0.49386817221709683
HK,0.46805601904712996
TW,0.44857322333793864
MX,0.41015579116403
GR,0.4048317407448122
PL,0.40452186287205183
ID,0.38458655691520793
CL,0.3822164818406817
RU,0.3774734099820819
SG,0.35408593347095035
IR,0.31753457544819585
AR,0.30216864266824134
CO,0.2902497363418271
MY,0.2849832552130776
CZ,0.2650598278966527
NG,0.2345353656866107
TH,0.18919357359519884
KE,0.1630178327144786
HU,0.1597169199173621
PK,0.1596226704129612
EG,0.14388401454816963
BD,0.13701671380183308
SA,0.13062378159792942
ET,0.12635224950340598
GH,0.12305430761402422
SI,0.11590711143893687
RO,0.1047149074348424
PE,0.1027820340527607
HR,0.09809868892938067
PH,0.0968487368398905
EE,0.08667127411448373
AE,0.07767472325870564
VN,0.07731996508666125
UG,0.07579032933134852
CY,0.0695276009823219
SK,0.06800585537547892
RS,0.06786327125317546
TZ,0.06764197087514064
LB,0.06334016414608692
LK,0.06086145648998572
LT,0.05602423589014409
QA,0.05468307005011172
IS,0.05346704815649517
EC,0.053357276713404005
JO,0.05303488299203679
BG,0.052676712114334334
LV,0.05112538547227487
LU,0.0507749101283495
NP,0.04857628292140375
TN,0.04537867347061129
MA,0.044825522003527574
CR,0.04429723092900704
UA,0.04386538673562506
UY,0.04265543954224185
CM,0.04121356729612483
ZW,0.03581492179694852
KW,0.03242378563811913
DZ,0.027588652532429127
KZ,0.026346159410348607
PR,0.02531672918614431
BO,0.02383880092470964
MW,0.02360047475530584
VE,0.023527285995568303
BW,0.02338018726889882
CU,0.021975375958731704
OM,0.021740238113383038
MT,0.021440435488549556
ZM,0.020180909659253166
PY,0.020070502794715252
MO,0.0198431275475447
CI,0.019732538614208598
JM,0.019322774152766696
IQ,0.018820866115847493
FJ,0.01623863470353479
BJ,0.015873283963592666
BF,0.01479191111326285
MK,0.014731421879126882
PS,0.01457508562273519
SN,0.014359573547909229
RW,0.013993638693911667
KH,0.013750303232710348
MD,0.013272008306351975
AM,0.01310765397961693
BA,0.013061243627875458
SD,0.01303908654871697
PA,0.012678277888829387
MZ,0.01194881404479406
TT,0.011622241392586915
AZ,0.011126963056118369
BH,0.0110561782443359
AL,0.01096795985714963
BN,0.010309128310160608
GT,0.010147627672879475
SS,0.009720512374556236
CD,0.009226304520991381
GE,0.009024176389448881
CG,0.008814546501321427
BY,0.008729197854701215
BB,0.00841753658616475
MN,0.008410448924160378
PG,0.008068595706701336
MU,0.007660335689572426
NA,0.007629340489722657
UZ,0.007332125675164267
NI,0.007237841199125969
MM,0.0071812885256350165
SY,0.007123656249652456
DO,0.007025232808162563
SV,0.006785743142144994
ML,0.00676087674760324
XK,0.005604405718942743
GM,0.00560193534234776
AF,0.005310581032206608
BI,0.005244447305022715
LA,0.005131049344000105
NE,0.004831925561226297
ME,0.004779069455661157
MG,0.004610759040461855
KG,0.0044036712178075555
GW,0.004157695489239546
HN,0.003982586770813189
GL,0.003975914317960557
SL,0.003930216541383431
ST,0.003780573868468097
TG,0.003776901883000244
LY,0.003776477577805398
RE,0.0037362620650480023
NC,0.003612923027526992
LS,0.0035195937374371093
BT,0.003443435804735174
YE,0.003379630061246533
GU,0.0032993822920858104
MV,0.003279601824376616
PF,0.003241959336836919
BS,0.0031294215735571105
SO,0.0029280632845659358
GP,0.00289383772468007
GF,0.0028740636822200062
GA,0.0027041718524684053
MC,0.002630278301478434
LI,0.0026039679639657982
SZ,0.0025627340466910426
BZ,0.001956318518803531
AO,0.0019382936838328558
LR,0.0019379872776860998
CW,0.0017526743110412538
FO,0.001716480064863559
GD,0.0017078050332034243
HT,0.0015300466128000405
GI,0.001488840556221801
TJ,0.0014887899969327474
BM,0.001437627166260233
GY,0.0013162209790211325
AS,0.0012685819644109606
ER,0.0012559243452769451
WS,0.0012382877563282364
VI,0.0011852781160417
FK,0.0010713528963551637
TD,0.0010628332653202927
JE,0.0010542857646194817
VG,0.0010532778825885786
IM,0.0010517694350772508
AG,0.0010449039027066408
GN,0.0010351037953382845
MQ,0.0009596955638181293
SC,0.0009425639364655204
SR,0.0008862340123625986
KY,0.0008674921225192056
FM,0.0007466092053669873
VU,0.0007089688565643234
KN,0.0007086008755212241
CF,0.0006939440665250616
MR,0.0006057791353956629
PW,0.0005162304555656864
CV,0.0004815515752349786
SJ,0.0004760278909165952
SM,0.00046416410102466756
DJ,0.00042020371039332355
TL,0.00041083617433953216
TO,0.00040911942690854676
MP,0.0003826468560857983
AW,0.0003538618745081446
AD,0.00030822058639286797
SB,0.0002949468417237742
LC,0.0002877813344694598
DM,0.00027636375438783
VA,0.00021835761179975297
KP,0.0002137543174020582
SX,0.00017782175354361657
TV,0.00017775686839551343
MS,0.00016156861542904037
TM,0.0001599077906593949
AX,0.00011341207463172085
GQ,9.477306463443669e-05
TC,5.9490626383810775e-05
YT,4.454602058792803e-05
KI,3.892091979068736e-05
NU,3.707371768998666e-05
VC,3.693430053350816e-05
