policy_country,citation_rows,policy_documents
USA,35029,15391
IGO,20507,11144
South Korea,12034,6100
UK,9192,3630
Germany,7033,3399
EU,6427,3670
Canada,4874,2923
Spain,4564,2251
France,3373,1740
Australia,3033,1964
Switzerland,2562,1335
Japan,2511,1219
Sweden,2469,1476
Netherlands,2376,1328
Brazil,1827,1003
Finland,1424,980
Norway,1403,896
Poland,1161,143
Belgium,1124,700
Ireland,932,575
Italy,911,596
Turkey,749,385
Portugal,718,504
New Zealand,714,436
Denmark,698,394
Malaysia,549,251
Colombia,386,251
Philippines,378,172
Chile,366,214
Indonesia,360,211
Austria,359,284
South Africa,353,233
Taiwan,353,164
Singapore,352,226
India,282,177
China,255,159
Estonia,248,183
Latvia,226,170
Peru,207,172
Thailand,203,86
Paraguay,159,113
Argentina,156,109
Russia,156,73
Moldova,148,116
Serbia,143,60
Uruguay,142,101
Egypt,121,93
Slovenia,110,55
Uganda,110,74
Mexico,103,65
Slovakia,94,64
Kenya,86,80
Nigeria,76,53
Bulgaria,72,26
Luxembourg,68,56
Iran,68,40
Nepal,66,44
Venezuela,64,48
Israel,62,49
Brunei,60,48
Saudi Arabia,57,48
Ethiopia,55,46
Cambodia,53,31
Kuwait,49,32
Sri Lanka,46,39
Tanzania,45,34
Qatar,44,34
North Macedonia,43,39
Costa Rica,43,27
Maldives,41,41
Georgia,41,13
Croatia,40,36
El Salvador,39,25
Romania,37,31
Czech Republic,37,32
Lebanon,26,17
Ghana,26,25
Panama,25,20
Bhutan,25,20
Nicaragua,24,16
Iceland,24,21
Vietnam,23,17
Rwanda,22,19
Ecuador,20,10
Myanmar,20,12
Ukraine,19,18
Greece,19,16
Dominican Republic,18,18
Oman,18,11
Kosovo,17,10
Mauritius,16,11
Hungary,16,11
Pakistan,15,11
Botswana,14,13
Cyprus,14,10
Albania,13,11
Lithuania,13,11
Iraq,13,7
Bangladesh,12,11
Guatemala,10,10
Cameroon,9,9
Papua New Guinea,9,8
Trinidad and Tobago,9,9
Kazakhstan,8,6
Jamaica,7,7
Mongolia,7,3
Eswatini,7,3
Laos,7,4
Senegal,6,4
Armenia,6,4
Cuba,6,5
Jordan,6,5
Barbados,6,6
Azerbaijan,5,4
Bolivia,5,4
Morocco,5,4
United Arab Emirates,5,5
Mozambique,4,3
Democratic Republic Of The Congo,4,4
Bahrain,4,3
Bosnia and Herzegovina,4,3
Saint Kitts and Nevis,4,4
Haiti,4,2
Tajikistan,4,3
Samoa,3,3
Vanuatu,3,3
Belize,3,3
Montenegro,3,1
Sierra Leone,3,2
Andorra,2,1
Tunisia,2,2
Guyana,2,2
Liberia,2,2
Benin,2,2
Fiji,2,2
Somalia,2,1
Suriname,1,1
Malawi,1,1
Malta,1,1
Sudan,1,1
San Marino,1,1
Namibia,1,1
Afghanistan,1,1
Gambia,1,1
Syria,1,1
Uzbekistan,1,1
Madagascar,1,1
Palestine,1,1
