policy_country,citation_rows,policy_documents,citations_per_document
USA,8173059,483594,16.90066253923746
IGO,6199886,299949,20.669800532757236
UK,1987479,136042,14.609304479498979
Germany,1837353,83095,22.11147481797942
EU,1523671,92779,16.4225848521756
Canada,1453861,88901,16.353708057277196
Australia,1184186,75486,15.687491720318999
France,944270,55706,16.950956808961333
Spain,903247,50686,17.82044351497455
Sweden,631026,43679,14.4468966780375
Switzerland,512586,31633,16.204153889925077
Netherlands,498998,29452,16.942754312101044
Finland,486770,25130,19.37007560684441
Brazil,450609,26455,17.033037233037234
Norway,442448,23503,18.825171254733437
South Korea,418179,35335,11.834696476581293
Poland,365483,3269,111.80269195472621
Italy,342273,20043,17.076934590630145
Belgium,312506,19295,16.196216636434308
Japan,297452,24547,12.117651851550088
Ireland,279957,14020,19.96840228245364
New Zealand,249699,14868,16.794390637610977
Denmark,189331,12181,15.54314095722847
Austria,171603,18099,9.481352560914967
Portugal,140622,9718,14.470261370652398
South Africa,123945,7757,15.978471058398865
Turkey,109799,6742,16.285820231385344
Colombia,95823,8680,11.039516129032258
Chile,90974,7259,12.53258024521284
Philippines,87553,1975,44.33063291139241
Peru,79063,6269,12.611740309459243
Estonia,77648,5438,14.278778962853991
India,62152,4540,13.689867841409692
Malaysia,57094,1822,31.33589462129528
Mexico,56322,4450,12.656629213483146
Latvia,53753,4984,10.785112359550562
Argentina,50765,4714,10.768985999151464
Kenya,49755,3031,16.41537446387331
Singapore,47943,4847,9.891272952341655
Indonesia,45426,4853,9.360395631568101
Uganda,42195,1772,23.812076749435665
Uruguay,37899,3133,12.09671241621449
Egypt,34812,1822,19.106476399560922
Venezuela,34615,1498,23.10747663551402
Bulgaria,32729,1000,32.729
Paraguay,28372,2049,13.846754514397267
Luxembourg,26427,2308,11.450173310225303
Slovenia,26118,2091,12.49067431850789
Taiwan,24396,1957,12.466019417475728
Serbia,22879,922,24.814533622559654
Sri Lanka,22217,847,26.230224321133413
China,22188,2759,8.042044218919898
Slovakia,21717,2015,10.777667493796526
Croatia,18786,2385,7.876729559748427
Czech Republic,18285,2354,7.767629566694987
Thailand,18042,1933,9.333678220382824
Nigeria,15396,1228,12.537459283387623
Nepal,15192,684,22.210526315789473
Israel,13972,1513,9.234633179114342
Romania,13647,1706,7.999413833528722
Russia,13647,1057,12.911069063386945
Greece,13502,1492,9.049597855227882
Moldova,13021,1598,8.148310387984981
North Macedonia,12893,1775,7.263661971830986
Tanzania,12673,1227,10.328443357783211
Rwanda,12543,937,13.386339381003202
Qatar,12398,487,25.457905544147845
Iceland,11216,1191,9.41729638958858
Ethiopia,10642,960,11.085416666666667
Ghana,10566,1285,8.222568093385213
Saudi Arabia,8727,558,15.63978494623656
Botswana,8683,619,14.02746365105008
Hungary,8437,654,12.900611620795107
Costa Rica,8052,804,10.014925373134329
Iran,7849,605,12.973553719008265
Georgia,7788,756,10.301587301587302
Pakistan,7537,916,8.22816593886463
Cyprus,7345,555,13.234234234234235
Cambodia,7241,614,11.79315960912052
El Salvador,6709,465,14.427956989247312
Bolivia,6020,1248,4.823717948717949
Kuwait,5516,559,9.867620751341681
Mauritius,5515,253,21.798418972332016
Ecuador,5511,646,8.530959752321982
Dominican Republic,5206,698,7.458452722063037
Lithuania,5173,805,6.426086956521739
Lebanon,5135,499,10.29058116232465
Namibia,5086,354,14.36723163841808
Kosovo,4207,458,9.185589519650655
Senegal,4143,301,13.764119601328904
Trinidad and Tobago,4024,535,7.521495327102803
Ukraine,3931,1004,3.9153386454183265
United Arab Emirates,3802,232,16.387931034482758
Brunei,3756,395,9.50886075949367
Jamaica,3707,457,8.11159737417943
Morocco,3609,673,5.362555720653789
Maldives,3578,566,6.321554770318021
Panama,3379,446,7.576233183856503
Guatemala,3231,632,5.112341772151899
Nicaragua,3178,372,8.543010752688172
Oman,3101,422,7.348341232227488
Bhutan,3101,332,9.340361445783133
Myanmar,3025,294,10.289115646258503
Papua New Guinea,2897,411,7.048661800486618
Barbados,2887,355,8.132394366197182
Mozambique,2838,240,11.825
Afghanistan,2770,478,5.794979079497908
Bosnia and Herzegovina,2652,257,10.319066147859923
Belize,2618,161,16.26086956521739
Jordan,2426,428,5.668224299065421
Fiji,2078,133,15.62406015037594
Iraq,1935,89,21.741573033707866
Eswatini,1910,57,33.50877192982456
Liberia,1867,140,13.335714285714285
Bangladesh,1857,221,8.402714932126697
Ivory Coast,1677,92,18.22826086956522
Guyana,1640,230,7.130434782608695
Montenegro,1494,134,11.149253731343284
Cameroon,1466,219,6.69406392694064
Mongolia,1457,224,6.504464285714286
Albania,1429,159,8.9874213836478
Cuba,1364,136,10.029411764705882
Kyrgyzstan,1259,141,8.929078014184396
Bahamas,1256,199,6.311557788944723
Vietnam,1148,249,4.610441767068273
Kazakhstan,1127,85,13.258823529411766
Somalia,980,194,5.051546391752577
Malta,970,151,6.423841059602649
Cape Verde,952,120,7.933333333333334
Azerbaijan,947,166,5.704819277108434
Zambia,910,108,8.425925925925926
Saint Kitts and Nevis,895,69,12.971014492753623
Laos,891,74,12.04054054054054
Benin,879,87,10.10344827586207
Armenia,835,79,10.569620253164556
Kiribati,807,74,10.905405405405405
Tunisia,771,174,4.431034482758621
Zimbabwe,754,109,6.91743119266055
Sierra Leone,691,164,4.213414634146342
Timor Leste,654,155,4.219354838709678
Seychelles,654,76,8.605263157894736
Haiti,632,119,5.310924369747899
Malawi,598,95,6.294736842105263
Andorra,593,95,6.242105263157895
Tajikistan,562,76,7.394736842105263
Honduras,534,119,4.487394957983193
Guinea,520,77,6.753246753246753
Algeria,457,70,6.5285714285714285
Belarus,437,94,4.648936170212766
Bahrain,424,34,12.470588235294118
Palestine,416,216,1.9259259259259258
Democratic Republic Of The Congo,384,44,8.727272727272727
Samoa,381,91,4.186813186813187
Sudan,354,32,11.0625
Vanuatu,350,65,5.384615384615385
Suriname,296,50,5.92
Sao Tome and Principe,277,46,6.021739130434782
Madagascar,270,47,5.74468085106383
Togo,258,34,7.588235294117647
San Marino,252,21,12.0
Burkina Faso,206,41,5.024390243902439
Angola,203,19,10.68421052631579
Palau,195,33,5.909090909090909
Yemen,186,51,3.6470588235294117
Syria,186,25,7.44
Uzbekistan,183,28,6.535714285714286
Micronesia,163,27,6.037037037037037
Mauritania,161,51,3.156862745098039
Lesotho,161,42,3.8333333333333335
South Sudan,144,30,4.8
Burundi,131,18,7.277777777777778
Solomon Islands,131,43,3.046511627906977
Gambia,104,21,4.9523809523809526
Tonga,90,30,3.0
Mali,88,17,5.176470588235294
Liechtenstein,54,12,4.5
Niger,35,9,3.888888888888889
Monaco,34,2,17.0
Marshall Islands,29,10,2.9
Central African Republic,24,10,2.4
Djibouti,13,4,3.25
Chad,9,5,1.8
Vatican City,6,6,1.0
Eritrea,5,2,2.5
Guinea-Bissau,5,2,2.5
Libya,3,3,1.0
Nauru,3,3,1.0
Turkmenistan,3,1,3.0
Tuvalu,2,2,1.0
