pubyear,citation_rows,cited_works
1400,31,12
1599,1,1
1600,1,1
1613,2,1
1617,1,1
1620,3,1
1623,1,1
1627,1,1
1637,1,1
1640,1,1
1648,1,1
1650,2,1
1652,1,1
1654,1,1
1658,2,1
1665,3,3
1666,9,5
1667,2,1
1669,15,2
1672,1,1
1677,1,1
1681,1,1
1683,4,1
1684,1,1
1686,6,1
1688,4,1
1689,1,1
1690,2,1
1693,9,3
1694,2,2
1696,1,1
1700,3,1
1707,3,2
1708,1,1
1710,2,1
1711,2,2
1712,2,1
1718,1,1
1720,1,1
1723,1,1
1724,2,2
1725,3,1
1728,3,1
1729,1,1
1732,1,1
1734,1,1
1735,8,2
1739,2,2
1740,1,1
1742,2,1
1743,3,3
1746,3,1
1748,2,1
1750,4,2
1751,4,1
1753,10,6
1754,1,1
1755,2,1
1756,3,1
1757,6,2
1758,7,2
1759,13,4
1760,8,2
1761,1,1
1762,1,1
1763,28,1
1764,34,2
1765,2,1
1766,3,2
1767,15,6
1768,8,5
1769,36,4
1770,4,4
1771,8,6
1772,1,1
1773,12,5
1774,1,1
1775,4,3
1776,93,4
1777,9,6
1778,3,2
1780,5,3
1781,2,2
1782,3,3
1783,4,2
1784,20,2
1785,29,5
1786,6,4
1787,2,2
1788,12,4
1789,31,14
1790,5,5
1791,1,1
1792,12,8
1793,1,1
1794,7,6
1795,4,3
1797,9,8
1798,34,4
1799,11,10
1800,9,9
1801,12,5
1802,16,9
1803,24,11
1804,9,6
1805,9,4
1806,10,6
1807,5,3
1808,3,2
1809,19,11
1810,34,10
1811,14,9
1812,9,2
1813,5,4
1814,19,9
1815,17,11
1816,12,9
1817,10,6
1818,12,10
1819,12,8
1820,17,15
1821,36,18
1822,21,11
1823,13,9
1824,80,29
1825,94,24
1826,34,15
1827,32,21
1828,40,18
1829,42,20
1830,41,19
1831,45,19
1832,27,16
1833,33,26
1834,47,33
1835,68,30
1836,43,26
1837,41,31
1838,52,28
1839,100,42
1840,51,38
1841,50,36
1842,71,41
1843,68,42
1844,91,44
1845,149,55
1846,70,38
1847,92,42
1848,48,35
1849,57,42
1850,61,36
1851,47,37
1852,56,34
1853,48,32
1854,45,29
1855,79,49
1856,40,28
1857,101,60
1858,111,61
1859,92,52
1860,76,55
1861,131,62
1862,105,66
1863,84,58
1864,97,57
1865,175,80
1866,90,59
1867,115,75
1868,107,70
1869,106,73
1870,119,80
1871,131,64
1872,123,82
1873,133,91
1874,171,130
1875,166,95
1876,207,117
1877,154,119
1878,231,142
1879,177,130
1880,260,164
1881,182,122
1882,187,143
1883,278,175
1884,348,231
1885,489,229
1886,379,200
1887,443,215
1888,306,199
1889,546,215
1890,354,223
1891,368,213
1892,372,237
1893,412,286
1894,359,235
1895,372,234
1896,671,287
1897,537,297
1898,499,281
1899,615,350
1900,601,362
1901,593,320
1902,610,369
1903,599,347
1904,1167,393
1905,780,398
1906,840,470
1907,1063,502
1908,1182,496
1909,1004,543
1910,1142,563
1911,971,515
1912,1017,578
1913,1248,597
1914,1040,596
1915,1167,589
1916,1099,588
1917,1026,579
1918,1048,603
1919,1239,676
1920,1407,663
1921,1347,749
1922,1966,836
1923,1391,731
1924,1534,801
1925,1641,866
1926,1641,926
1927,2369,959
1928,2646,1022
1929,2329,1091
1930,2042,1145
1931,3132,1238
1932,2457,1318
1933,3109,1350
1934,3197,1512
1935,3723,1615
1936,4306,1699
1937,5634,1783
1938,4499,1887
1939,4606,1903
1940,4077,1907
1941,4729,1992
1942,4094,1880
1943,5193,1807
1944,4122,1695
1945,4648,1784
1946,5458,2172
1947,5476,2322
1948,7995,2712
1949,8342,3074
1950,11291,3705
1951,11478,3710
1952,10746,3964
1953,11094,4297
1954,16667,4811
1955,14435,5242
1956,19001,5236
1957,18860,5676
1958,19285,5987
1959,19746,6657
1960,21241,7690
1961,23029,7991
1962,27353,8449
1963,26061,9754
1964,29750,10785
1965,33848,11246
1966,33097,12580
1967,35930,13162
1968,39720,14123
1969,45301,15406
1970,51996,17904
1971,51270,17393
1972,57701,19532
1973,68575,20624
1974,72257,21514
1975,72183,24111
1976,81599,25426
1977,93656,27907
1978,96544,29477
1979,110691,31646
1980,117975,34321
1981,120405,36276
1982,137390,39309
1983,146852,42019
1984,151453,44886
1985,163495,46435
1986,181900,50462
1987,185254,52908
1988,207640,56878
1989,224264,61529
1990,259405,67709
1991,271281,71309
1992,295586,76676
1993,321028,82761
1994,352412,88660
1995,412432,98325
1996,433685,105382
1997,486799,114249
1998,533469,123267
1999,600145,132735
2000,702670,150687
2001,725965,157145
2002,803843,171979
2003,898334,187421
2004,920225,198203
2005,1001389,213451
2006,1034419,226958
2007,1070039,235777
2008,1126586,251523
2009,1192035,265468
2010,1195276,277258
2011,1236116,289645
2012,1208769,298696
2013,1253637,310707
2014,1238136,317248
2015,1240973,324537
2016,1220483,327714
2017,1197268,327968
2018,1126795,317426
2019,1031251,303729
2020,1178480,336741
2021,901132,293539
2022,601576,227762
2023,438570,175645
2024,272872,125205
2025,130685,70226
2026,19875,12929
9999,2883,388
