source_type,domain,citation_rows
government,Social Sciences,6362283
think tank,Physical Sciences,1953193
igo,Life Sciences,1190642
other,Social Sciences,453410
igo,Social Sciences,3887703
government,Life Sciences,4353273
think tank,Health Sciences,1460737
other,Life Sciences,312850
government,Health Sciences,6718010
igo,Physical Sciences,2036071
think tank,Life Sciences,1015571
other,Health Sciences,1226032
think tank,Social Sciences,5040709
government,Physical Sciences,6605703
igo,Health Sciences,1660072
other,Physical Sciences,152461
